2c52e5179258305c74fcc637615eb123,OL,0
2c52e5179258305c74fcc637615eb123,RE,1
2c52e5179258305c74fcc637615eb123,OF,1
2c52e5179258305c74fcc637615eb123,URI,1
2c52e5179258305c74fcc637615eb123,LD,1
7f22c75120113aea69f1cee3e7d56a6d,OL,0
7f22c75120113aea69f1cee3e7d56a6d,RE,1
7f22c75120113aea69f1cee3e7d56a6d,OF,1
7f22c75120113aea69f1cee3e7d56a6d,URI,1
7f22c75120113aea69f1cee3e7d56a6d,LD,0
9c75b40ba12eb4d1ab20d4078fe0238a,OL,0
9c75b40ba12eb4d1ab20d4078fe0238a,RE,1
9c75b40ba12eb4d1ab20d4078fe0238a,OF,0
9c75b40ba12eb4d1ab20d4078fe0238a,URI,0
9c75b40ba12eb4d1ab20d4078fe0238a,LD,0
c353b37e8920a1457b1a3d2c89a5a7c3,OL,1
c353b37e8920a1457b1a3d2c89a5a7c3,RE,1
c353b37e8920a1457b1a3d2c89a5a7c3,OF,0
c353b37e8920a1457b1a3d2c89a5a7c3,URI,0
c353b37e8920a1457b1a3d2c89a5a7c3,LD,0
5e5052b3f86a64237d8c71932594d3b4,OL,1
5e5052b3f86a64237d8c71932594d3b4,RE,1
5e5052b3f86a64237d8c71932594d3b4,OF,0
5e5052b3f86a64237d8c71932594d3b4,URI,0
5e5052b3f86a64237d8c71932594d3b4,LD,0
469971a530674a3d8ed6aab7c05e646a,OL,1
469971a530674a3d8ed6aab7c05e646a,RE,1
469971a530674a3d8ed6aab7c05e646a,OF,0
469971a530674a3d8ed6aab7c05e646a,URI,0
469971a530674a3d8ed6aab7c05e646a,LD,0
52c752f46e29bfb84c08a57a3ceb693e,OL,1
52c752f46e29bfb84c08a57a3ceb693e,RE,1
52c752f46e29bfb84c08a57a3ceb693e,OF,0
52c752f46e29bfb84c08a57a3ceb693e,URI,0
52c752f46e29bfb84c08a57a3ceb693e,LD,0
023adb47bb77a02185b3655bfde63230,OL,1
023adb47bb77a02185b3655bfde63230,RE,1
023adb47bb77a02185b3655bfde63230,OF,1
023adb47bb77a02185b3655bfde63230,URI,1
023adb47bb77a02185b3655bfde63230,LD,0
6d1d6e3aaf1c443bc4e23f64f4bc31bc,OL,0
6d1d6e3aaf1c443bc4e23f64f4bc31bc,RE,1
6d1d6e3aaf1c443bc4e23f64f4bc31bc,OF,1
6d1d6e3aaf1c443bc4e23f64f4bc31bc,URI,0
6d1d6e3aaf1c443bc4e23f64f4bc31bc,LD,0
03bb5c9228f52ef494b96f45b347d73e,OL,0
03bb5c9228f52ef494b96f45b347d73e,RE,1
03bb5c9228f52ef494b96f45b347d73e,OF,1
03bb5c9228f52ef494b96f45b347d73e,URI,0
03bb5c9228f52ef494b96f45b347d73e,LD,0
b691aab55587269701e4238df018e6a7,OL,1
b691aab55587269701e4238df018e6a7,RE,0
b691aab55587269701e4238df018e6a7,OF,0
b691aab55587269701e4238df018e6a7,URI,0
b691aab55587269701e4238df018e6a7,LD,0
a36d454c30ab02cf32937e6bf0f96b68,OL,1
a36d454c30ab02cf32937e6bf0f96b68,RE,1
a36d454c30ab02cf32937e6bf0f96b68,OF,0
a36d454c30ab02cf32937e6bf0f96b68,URI,0
a36d454c30ab02cf32937e6bf0f96b68,LD,0
4c41c0f770b8c4cf903095cd2c1e744f,OL,1
4c41c0f770b8c4cf903095cd2c1e744f,RE,1
4c41c0f770b8c4cf903095cd2c1e744f,OF,0
4c41c0f770b8c4cf903095cd2c1e744f,URI,0
4c41c0f770b8c4cf903095cd2c1e744f,LD,0
725ef5d5c500f20c6e4ce9e5c808e6b8,OL,1
725ef5d5c500f20c6e4ce9e5c808e6b8,RE,1
725ef5d5c500f20c6e4ce9e5c808e6b8,OF,1
725ef5d5c500f20c6e4ce9e5c808e6b8,URI,0
725ef5d5c500f20c6e4ce9e5c808e6b8,LD,0
1b91c1b40fe539c4120363f14b1e320f,OL,1
1b91c1b40fe539c4120363f14b1e320f,RE,1
1b91c1b40fe539c4120363f14b1e320f,OF,1
1b91c1b40fe539c4120363f14b1e320f,URI,0
1b91c1b40fe539c4120363f14b1e320f,LD,0
e896e4ddd22820fd73cfa7b3c3535ec9,OL,1
e896e4ddd22820fd73cfa7b3c3535ec9,RE,1
e896e4ddd22820fd73cfa7b3c3535ec9,OF,1
e896e4ddd22820fd73cfa7b3c3535ec9,URI,1
e896e4ddd22820fd73cfa7b3c3535ec9,LD,1
67a0f74ad7e71d096b368d679b084099,OL,1
67a0f74ad7e71d096b368d679b084099,RE,1
67a0f74ad7e71d096b368d679b084099,OF,1
67a0f74ad7e71d096b368d679b084099,URI,1
67a0f74ad7e71d096b368d679b084099,LD,0
6f79999514d6d15b45b4f908b8e5af8a,OL,1
6f79999514d6d15b45b4f908b8e5af8a,RE,1
6f79999514d6d15b45b4f908b8e5af8a,OF,1
6f79999514d6d15b45b4f908b8e5af8a,URI,1
6f79999514d6d15b45b4f908b8e5af8a,LD,1
50e8b3870c73f7af2f756949369a9cc2,OL,1
50e8b3870c73f7af2f756949369a9cc2,RE,1
50e8b3870c73f7af2f756949369a9cc2,OF,1
50e8b3870c73f7af2f756949369a9cc2,URI,1
50e8b3870c73f7af2f756949369a9cc2,LD,1
5fb14724ce1dd4e60634f31dadb85a06,OL,1
5fb14724ce1dd4e60634f31dadb85a06,RE,1
5fb14724ce1dd4e60634f31dadb85a06,OF,1
5fb14724ce1dd4e60634f31dadb85a06,URI,0
5fb14724ce1dd4e60634f31dadb85a06,LD,0
478f9cbf11ad9841d67700759f3fc187,OL,1
478f9cbf11ad9841d67700759f3fc187,RE,1
478f9cbf11ad9841d67700759f3fc187,OF,0
478f9cbf11ad9841d67700759f3fc187,URI,0
478f9cbf11ad9841d67700759f3fc187,LD,0
28cc810f4dc79e6c2b79d82e4f6cfc27,OL,1
28cc810f4dc79e6c2b79d82e4f6cfc27,RE,1
28cc810f4dc79e6c2b79d82e4f6cfc27,OF,1
28cc810f4dc79e6c2b79d82e4f6cfc27,URI,0
28cc810f4dc79e6c2b79d82e4f6cfc27,LD,0
9a7305bcf50d68d2ff73566682a4210b,OL,0
9a7305bcf50d68d2ff73566682a4210b,RE,0
9a7305bcf50d68d2ff73566682a4210b,OF,0
9a7305bcf50d68d2ff73566682a4210b,URI,0
9a7305bcf50d68d2ff73566682a4210b,LD,0
a8a80a8615f3cffeb5dece9023b8ce79,OL,1
a8a80a8615f3cffeb5dece9023b8ce79,RE,1
a8a80a8615f3cffeb5dece9023b8ce79,OF,1
a8a80a8615f3cffeb5dece9023b8ce79,URI,0
a8a80a8615f3cffeb5dece9023b8ce79,LD,0
60874ae3034515f182aab19b40a50417,OL,1
60874ae3034515f182aab19b40a50417,RE,1
60874ae3034515f182aab19b40a50417,OF,1
60874ae3034515f182aab19b40a50417,URI,0
60874ae3034515f182aab19b40a50417,LD,0
1ae295de0e4e4515fcf766df3a3f142e,OL,1
1ae295de0e4e4515fcf766df3a3f142e,RE,1
1ae295de0e4e4515fcf766df3a3f142e,OF,1
1ae295de0e4e4515fcf766df3a3f142e,URI,0
1ae295de0e4e4515fcf766df3a3f142e,LD,0
57fba4647ce7e0b9e761f5765d80748e,OL,1
57fba4647ce7e0b9e761f5765d80748e,RE,1
57fba4647ce7e0b9e761f5765d80748e,OF,0
57fba4647ce7e0b9e761f5765d80748e,URI,0
57fba4647ce7e0b9e761f5765d80748e,LD,0
7382ed9c43ed0a548be01ec22698715b,OL,0
7382ed9c43ed0a548be01ec22698715b,RE,1
7382ed9c43ed0a548be01ec22698715b,OF,0
7382ed9c43ed0a548be01ec22698715b,URI,0
7382ed9c43ed0a548be01ec22698715b,LD,0
9f6690a40cad620efbb5dfc3e7b2cbdc,OL,1
9f6690a40cad620efbb5dfc3e7b2cbdc,RE,1
9f6690a40cad620efbb5dfc3e7b2cbdc,OF,0
9f6690a40cad620efbb5dfc3e7b2cbdc,URI,0
9f6690a40cad620efbb5dfc3e7b2cbdc,LD,0
2c6554bc69e82278feade459c9df9352,OL,1
2c6554bc69e82278feade459c9df9352,RE,1
2c6554bc69e82278feade459c9df9352,OF,1
2c6554bc69e82278feade459c9df9352,URI,0
2c6554bc69e82278feade459c9df9352,LD,0
f7e35a7d81f8ae96e537335b7a6a217b,OL,1
f7e35a7d81f8ae96e537335b7a6a217b,RE,1
f7e35a7d81f8ae96e537335b7a6a217b,OF,1
f7e35a7d81f8ae96e537335b7a6a217b,URI,0
f7e35a7d81f8ae96e537335b7a6a217b,LD,0
0a9fe3e07d51db47c6fa241adbe2b979,OL,1
0a9fe3e07d51db47c6fa241adbe2b979,RE,1
0a9fe3e07d51db47c6fa241adbe2b979,OF,1
0a9fe3e07d51db47c6fa241adbe2b979,URI,0
0a9fe3e07d51db47c6fa241adbe2b979,LD,0
d360b29c6917de919442f2832ec978b9,OL,1
d360b29c6917de919442f2832ec978b9,RE,1
d360b29c6917de919442f2832ec978b9,OF,1
d360b29c6917de919442f2832ec978b9,URI,1
d360b29c6917de919442f2832ec978b9,LD,1
42a62cbc9f9d89d4ab913b750417a856,OL,1
42a62cbc9f9d89d4ab913b750417a856,RE,1
42a62cbc9f9d89d4ab913b750417a856,OF,1
42a62cbc9f9d89d4ab913b750417a856,URI,0
42a62cbc9f9d89d4ab913b750417a856,LD,0
19559b075b1d9855efb1a5881f2eca37,OL,1
19559b075b1d9855efb1a5881f2eca37,RE,1
19559b075b1d9855efb1a5881f2eca37,OF,1
19559b075b1d9855efb1a5881f2eca37,URI,0
19559b075b1d9855efb1a5881f2eca37,LD,0
6337f23d2f5c6d096f4b03e39531248a,OL,1
6337f23d2f5c6d096f4b03e39531248a,RE,0
6337f23d2f5c6d096f4b03e39531248a,OF,0
6337f23d2f5c6d096f4b03e39531248a,URI,0
6337f23d2f5c6d096f4b03e39531248a,LD,0
7034caed811242d4e1e911fe340625fe,OL,1
7034caed811242d4e1e911fe340625fe,RE,1
7034caed811242d4e1e911fe340625fe,OF,0
7034caed811242d4e1e911fe340625fe,URI,0
7034caed811242d4e1e911fe340625fe,LD,0
063d37124e6d81db1701e591e84a12e5,OL,1
063d37124e6d81db1701e591e84a12e5,RE,1
063d37124e6d81db1701e591e84a12e5,OF,1
063d37124e6d81db1701e591e84a12e5,URI,0
063d37124e6d81db1701e591e84a12e5,LD,0
474fb41bded95489c317f6d4e079266c,OL,1
474fb41bded95489c317f6d4e079266c,RE,1
474fb41bded95489c317f6d4e079266c,OF,1
474fb41bded95489c317f6d4e079266c,URI,0
474fb41bded95489c317f6d4e079266c,LD,0
0e8678f6910f55cfb0eda22679cd9368,OL,0
0e8678f6910f55cfb0eda22679cd9368,RE,1
0e8678f6910f55cfb0eda22679cd9368,OF,0
0e8678f6910f55cfb0eda22679cd9368,URI,0
0e8678f6910f55cfb0eda22679cd9368,LD,0
57d676798614b85c3d48d54b6d36740e,OL,1
57d676798614b85c3d48d54b6d36740e,RE,1
57d676798614b85c3d48d54b6d36740e,OF,1
57d676798614b85c3d48d54b6d36740e,URI,0
57d676798614b85c3d48d54b6d36740e,LD,0
c56c1b40ca369fe129d4d664f243e540,OL,1
c56c1b40ca369fe129d4d664f243e540,RE,1
c56c1b40ca369fe129d4d664f243e540,OF,1
c56c1b40ca369fe129d4d664f243e540,URI,0
c56c1b40ca369fe129d4d664f243e540,LD,0
db737353c820622898c173e3e8065d9c,OL,1
db737353c820622898c173e3e8065d9c,RE,1
db737353c820622898c173e3e8065d9c,OF,1
db737353c820622898c173e3e8065d9c,URI,0
db737353c820622898c173e3e8065d9c,LD,0
9949e404c3a3f63e8919d3f3c39edb12,OL,1
9949e404c3a3f63e8919d3f3c39edb12,RE,1
9949e404c3a3f63e8919d3f3c39edb12,OF,0
9949e404c3a3f63e8919d3f3c39edb12,URI,0
9949e404c3a3f63e8919d3f3c39edb12,LD,0
eb8d7537f12cf48b6abe3f89b0b52bcd,OL,0
eb8d7537f12cf48b6abe3f89b0b52bcd,RE,0
eb8d7537f12cf48b6abe3f89b0b52bcd,OF,0
eb8d7537f12cf48b6abe3f89b0b52bcd,URI,0
eb8d7537f12cf48b6abe3f89b0b52bcd,LD,0
5639f392a0a247b572082c179492bc45,OL,1
5639f392a0a247b572082c179492bc45,RE,1
5639f392a0a247b572082c179492bc45,OF,1
5639f392a0a247b572082c179492bc45,URI,0
5639f392a0a247b572082c179492bc45,LD,0
e3bfd2d87ed81e6b821269469fb77583,OL,1
e3bfd2d87ed81e6b821269469fb77583,RE,1
e3bfd2d87ed81e6b821269469fb77583,OF,1
e3bfd2d87ed81e6b821269469fb77583,URI,0
e3bfd2d87ed81e6b821269469fb77583,LD,0
7a6a2d1bd7c68f534bccf9e70270d27e,OL,1
7a6a2d1bd7c68f534bccf9e70270d27e,RE,1
7a6a2d1bd7c68f534bccf9e70270d27e,OF,1
7a6a2d1bd7c68f534bccf9e70270d27e,URI,1
7a6a2d1bd7c68f534bccf9e70270d27e,LD,0
1f3296fe2cad9fde018b6ef1976e37d6,OL,1
1f3296fe2cad9fde018b6ef1976e37d6,RE,1
1f3296fe2cad9fde018b6ef1976e37d6,OF,0
1f3296fe2cad9fde018b6ef1976e37d6,URI,0
1f3296fe2cad9fde018b6ef1976e37d6,LD,0
58cab4e213570aec25e321084cbefd23,OL,0
58cab4e213570aec25e321084cbefd23,RE,1
58cab4e213570aec25e321084cbefd23,OF,0
58cab4e213570aec25e321084cbefd23,URI,0
58cab4e213570aec25e321084cbefd23,LD,0
603ef5d45db5df4394442c256ce90a75,OL,1
603ef5d45db5df4394442c256ce90a75,RE,1
603ef5d45db5df4394442c256ce90a75,OF,1
603ef5d45db5df4394442c256ce90a75,URI,1
603ef5d45db5df4394442c256ce90a75,LD,0
0b8196f36d31e6fc29abdf8d7e76d39c,OL,1
0b8196f36d31e6fc29abdf8d7e76d39c,RE,1
0b8196f36d31e6fc29abdf8d7e76d39c,OF,1
0b8196f36d31e6fc29abdf8d7e76d39c,URI,1
0b8196f36d31e6fc29abdf8d7e76d39c,LD,0
eee7ac208064d408e84ab5e26d24b278,OL,1
eee7ac208064d408e84ab5e26d24b278,RE,1
eee7ac208064d408e84ab5e26d24b278,OF,0
eee7ac208064d408e84ab5e26d24b278,URI,0
eee7ac208064d408e84ab5e26d24b278,LD,0
acddee0081fc1fd07ea82db83d7d2d16,OL,0
acddee0081fc1fd07ea82db83d7d2d16,RE,1
acddee0081fc1fd07ea82db83d7d2d16,OF,0
acddee0081fc1fd07ea82db83d7d2d16,URI,0
acddee0081fc1fd07ea82db83d7d2d16,LD,0
0373d8f79dfb4ad2659d38a28bc27eb3,OL,0
0373d8f79dfb4ad2659d38a28bc27eb3,RE,1
0373d8f79dfb4ad2659d38a28bc27eb3,OF,1
0373d8f79dfb4ad2659d38a28bc27eb3,URI,1
0373d8f79dfb4ad2659d38a28bc27eb3,LD,0
9d8b1983bdcf10a39a3dc19b2112bbad,OL,0
9d8b1983bdcf10a39a3dc19b2112bbad,RE,1
9d8b1983bdcf10a39a3dc19b2112bbad,OF,1
9d8b1983bdcf10a39a3dc19b2112bbad,URI,1
9d8b1983bdcf10a39a3dc19b2112bbad,LD,0
3a8e387e068bf8677d4f411f6971346b,OL,1
3a8e387e068bf8677d4f411f6971346b,RE,1
3a8e387e068bf8677d4f411f6971346b,OF,1
3a8e387e068bf8677d4f411f6971346b,URI,1
3a8e387e068bf8677d4f411f6971346b,LD,0
75890211e5fd4ecefcf3f9d488e84042,OL,1
75890211e5fd4ecefcf3f9d488e84042,RE,1
75890211e5fd4ecefcf3f9d488e84042,OF,1
75890211e5fd4ecefcf3f9d488e84042,URI,1
75890211e5fd4ecefcf3f9d488e84042,LD,0
d15cb9e43ff74a153ca4dfb7d24a8e81,OL,1
d15cb9e43ff74a153ca4dfb7d24a8e81,RE,1
d15cb9e43ff74a153ca4dfb7d24a8e81,OF,1
d15cb9e43ff74a153ca4dfb7d24a8e81,URI,1
d15cb9e43ff74a153ca4dfb7d24a8e81,LD,0
108b68e4ff0591275606990036e10808,OL,1
108b68e4ff0591275606990036e10808,RE,1
108b68e4ff0591275606990036e10808,OF,1
108b68e4ff0591275606990036e10808,URI,1
108b68e4ff0591275606990036e10808,LD,0
91bcc791acf953f08f4c5155e200d29a,OL,0
91bcc791acf953f08f4c5155e200d29a,RE,1
91bcc791acf953f08f4c5155e200d29a,OF,1
91bcc791acf953f08f4c5155e200d29a,URI,1
91bcc791acf953f08f4c5155e200d29a,LD,0
d122e39cfb95bbebd80f3a9dbff39fb1,OL,0
d122e39cfb95bbebd80f3a9dbff39fb1,RE,1
d122e39cfb95bbebd80f3a9dbff39fb1,OF,1
d122e39cfb95bbebd80f3a9dbff39fb1,URI,1
d122e39cfb95bbebd80f3a9dbff39fb1,LD,0
0f5a42568c239544b8077f37155ff879,OL,1
0f5a42568c239544b8077f37155ff879,RE,1
0f5a42568c239544b8077f37155ff879,OF,1
0f5a42568c239544b8077f37155ff879,URI,0
0f5a42568c239544b8077f37155ff879,LD,0
b751e9dc07e0eeb87a5c5a59236e5ee3,OL,0
b751e9dc07e0eeb87a5c5a59236e5ee3,RE,1
b751e9dc07e0eeb87a5c5a59236e5ee3,OF,0
b751e9dc07e0eeb87a5c5a59236e5ee3,URI,0
b751e9dc07e0eeb87a5c5a59236e5ee3,LD,0
ab931e126d791336f721a86daaf4f891,OL,1
ab931e126d791336f721a86daaf4f891,RE,1
ab931e126d791336f721a86daaf4f891,OF,1
ab931e126d791336f721a86daaf4f891,URI,1
ab931e126d791336f721a86daaf4f891,LD,0
5d902297a36c51fbeae54bd4fe0d1675,OL,1
5d902297a36c51fbeae54bd4fe0d1675,RE,1
5d902297a36c51fbeae54bd4fe0d1675,OF,1
5d902297a36c51fbeae54bd4fe0d1675,URI,1
5d902297a36c51fbeae54bd4fe0d1675,LD,0
8d5e6a4707a96a4d7b8e53ef36d2d5f7,OL,1
8d5e6a4707a96a4d7b8e53ef36d2d5f7,RE,1
8d5e6a4707a96a4d7b8e53ef36d2d5f7,OF,1
8d5e6a4707a96a4d7b8e53ef36d2d5f7,URI,1
8d5e6a4707a96a4d7b8e53ef36d2d5f7,LD,1
a39b2347e5e73c48120b15307a5334c2,OL,1
a39b2347e5e73c48120b15307a5334c2,RE,1
a39b2347e5e73c48120b15307a5334c2,OF,1
a39b2347e5e73c48120b15307a5334c2,URI,1
a39b2347e5e73c48120b15307a5334c2,LD,0
1975f64ba80a52a1b7f97f2504249d8c,OL,1
1975f64ba80a52a1b7f97f2504249d8c,RE,1
1975f64ba80a52a1b7f97f2504249d8c,OF,1
1975f64ba80a52a1b7f97f2504249d8c,URI,1
1975f64ba80a52a1b7f97f2504249d8c,LD,0
3a24528f259b6b298b1306f9f992ec8d,OL,0
3a24528f259b6b298b1306f9f992ec8d,RE,1
3a24528f259b6b298b1306f9f992ec8d,OF,1
3a24528f259b6b298b1306f9f992ec8d,URI,1
3a24528f259b6b298b1306f9f992ec8d,LD,0
a8ecb3d05a6044b745bb09e2b42b8567,OL,1
a8ecb3d05a6044b745bb09e2b42b8567,RE,1
a8ecb3d05a6044b745bb09e2b42b8567,OF,1
a8ecb3d05a6044b745bb09e2b42b8567,URI,1
a8ecb3d05a6044b745bb09e2b42b8567,LD,0
5ddd73e52a067c675be515f175fdec86,OL,0
5ddd73e52a067c675be515f175fdec86,RE,1
5ddd73e52a067c675be515f175fdec86,OF,1
5ddd73e52a067c675be515f175fdec86,URI,1
5ddd73e52a067c675be515f175fdec86,LD,0
c77aada9e1b23bc082f9d9c09ce4a134,OL,1
c77aada9e1b23bc082f9d9c09ce4a134,RE,1
c77aada9e1b23bc082f9d9c09ce4a134,OF,1
c77aada9e1b23bc082f9d9c09ce4a134,URI,1
c77aada9e1b23bc082f9d9c09ce4a134,LD,0
a4c01a4fa264205fa0e0fa01f47832e5,OL,0
a4c01a4fa264205fa0e0fa01f47832e5,RE,1
a4c01a4fa264205fa0e0fa01f47832e5,OF,1
a4c01a4fa264205fa0e0fa01f47832e5,URI,1
a4c01a4fa264205fa0e0fa01f47832e5,LD,0
981cf53d6da339fd560972a33e60e300,OL,0
981cf53d6da339fd560972a33e60e300,RE,0
981cf53d6da339fd560972a33e60e300,OF,0
981cf53d6da339fd560972a33e60e300,URI,0
981cf53d6da339fd560972a33e60e300,LD,0
6a0e7c3e5a8f9f5fb8eff3e41aaa6ea4,OL,0
6a0e7c3e5a8f9f5fb8eff3e41aaa6ea4,RE,1
6a0e7c3e5a8f9f5fb8eff3e41aaa6ea4,OF,1
6a0e7c3e5a8f9f5fb8eff3e41aaa6ea4,URI,1
6a0e7c3e5a8f9f5fb8eff3e41aaa6ea4,LD,0
4f2d051afa3718473f4000caeabd81b0,OL,1
4f2d051afa3718473f4000caeabd81b0,RE,1
4f2d051afa3718473f4000caeabd81b0,OF,1
4f2d051afa3718473f4000caeabd81b0,URI,1
4f2d051afa3718473f4000caeabd81b0,LD,0
ad0649c49ed03b1d50cc0b68b4d0572f,OL,1
ad0649c49ed03b1d50cc0b68b4d0572f,RE,1
ad0649c49ed03b1d50cc0b68b4d0572f,OF,1
ad0649c49ed03b1d50cc0b68b4d0572f,URI,0
ad0649c49ed03b1d50cc0b68b4d0572f,LD,0
179909b745f81f03f177a3079e0ce5e3,OL,0
179909b745f81f03f177a3079e0ce5e3,RE,0
179909b745f81f03f177a3079e0ce5e3,OF,0
179909b745f81f03f177a3079e0ce5e3,URI,0
179909b745f81f03f177a3079e0ce5e3,LD,0
dfc1d0e0021d351cbab6a1a46563a1fe,OL,1
dfc1d0e0021d351cbab6a1a46563a1fe,RE,1
dfc1d0e0021d351cbab6a1a46563a1fe,OF,1
dfc1d0e0021d351cbab6a1a46563a1fe,URI,0
dfc1d0e0021d351cbab6a1a46563a1fe,LD,0
4c691ddbbd7f0bada7c6c65303e6bdbd,OL,1
4c691ddbbd7f0bada7c6c65303e6bdbd,RE,1
4c691ddbbd7f0bada7c6c65303e6bdbd,OF,1
4c691ddbbd7f0bada7c6c65303e6bdbd,URI,0
4c691ddbbd7f0bada7c6c65303e6bdbd,LD,0
9475ce00e4f0c36dd591275bcb5ec24c,OL,1
9475ce00e4f0c36dd591275bcb5ec24c,RE,1
9475ce00e4f0c36dd591275bcb5ec24c,OF,1
9475ce00e4f0c36dd591275bcb5ec24c,URI,0
9475ce00e4f0c36dd591275bcb5ec24c,LD,0
7e883cf48788b31af7134241e3c816b8,OL,0
7e883cf48788b31af7134241e3c816b8,RE,1
7e883cf48788b31af7134241e3c816b8,OF,1
7e883cf48788b31af7134241e3c816b8,URI,0
7e883cf48788b31af7134241e3c816b8,LD,0
6c76de398b8c2509fb117d0c6913c7ce,OL,1
6c76de398b8c2509fb117d0c6913c7ce,RE,1
6c76de398b8c2509fb117d0c6913c7ce,OF,0
6c76de398b8c2509fb117d0c6913c7ce,URI,0
6c76de398b8c2509fb117d0c6913c7ce,LD,0
236fe1ec14aec1f7a323675879657bb8,OL,1
236fe1ec14aec1f7a323675879657bb8,RE,1
236fe1ec14aec1f7a323675879657bb8,OF,1
236fe1ec14aec1f7a323675879657bb8,URI,0
236fe1ec14aec1f7a323675879657bb8,LD,0
7175c33add13808f1b7f2aa897d91fcd,OL,1
7175c33add13808f1b7f2aa897d91fcd,RE,1
7175c33add13808f1b7f2aa897d91fcd,OF,1
7175c33add13808f1b7f2aa897d91fcd,URI,0
7175c33add13808f1b7f2aa897d91fcd,LD,0
a45f40a45feb13b54041a873cf82e88a,OL,1
a45f40a45feb13b54041a873cf82e88a,RE,1
a45f40a45feb13b54041a873cf82e88a,OF,1
a45f40a45feb13b54041a873cf82e88a,URI,0
a45f40a45feb13b54041a873cf82e88a,LD,0
87337f59d0703b2f69dbd1c03723e482,OL,1
87337f59d0703b2f69dbd1c03723e482,RE,1
87337f59d0703b2f69dbd1c03723e482,OF,1
87337f59d0703b2f69dbd1c03723e482,URI,0
87337f59d0703b2f69dbd1c03723e482,LD,0
ccfaedbfd79fed6e2fbf75a0020ca541,OL,1
ccfaedbfd79fed6e2fbf75a0020ca541,RE,1
ccfaedbfd79fed6e2fbf75a0020ca541,OF,1
ccfaedbfd79fed6e2fbf75a0020ca541,URI,0
ccfaedbfd79fed6e2fbf75a0020ca541,LD,0
1aea44bec9eea2d88c99f452ebd64215,OL,1
1aea44bec9eea2d88c99f452ebd64215,RE,1
1aea44bec9eea2d88c99f452ebd64215,OF,0
1aea44bec9eea2d88c99f452ebd64215,URI,0
1aea44bec9eea2d88c99f452ebd64215,LD,0
ad45805300d2b2f1ce6d38eddba228ae,OL,1
ad45805300d2b2f1ce6d38eddba228ae,RE,0
ad45805300d2b2f1ce6d38eddba228ae,OF,0
ad45805300d2b2f1ce6d38eddba228ae,URI,0
ad45805300d2b2f1ce6d38eddba228ae,LD,0
8569a21db1b4d786a7268668b65b9905,OL,1
8569a21db1b4d786a7268668b65b9905,RE,1
8569a21db1b4d786a7268668b65b9905,OF,0
8569a21db1b4d786a7268668b65b9905,URI,0
8569a21db1b4d786a7268668b65b9905,LD,0
30afbfe558c40e34d70ef110cea793f8,OL,1
30afbfe558c40e34d70ef110cea793f8,RE,1
30afbfe558c40e34d70ef110cea793f8,OF,0
30afbfe558c40e34d70ef110cea793f8,URI,0
30afbfe558c40e34d70ef110cea793f8,LD,0
34ef0184f775b6fec21e60448471d259,OL,1
34ef0184f775b6fec21e60448471d259,RE,1
34ef0184f775b6fec21e60448471d259,OF,0
34ef0184f775b6fec21e60448471d259,URI,0
34ef0184f775b6fec21e60448471d259,LD,0
d3d29b683701633120b2b28428482418,OL,0
d3d29b683701633120b2b28428482418,RE,1
d3d29b683701633120b2b28428482418,OF,0
d3d29b683701633120b2b28428482418,URI,0
d3d29b683701633120b2b28428482418,LD,0
5aa21f9382331e9df8f0dd7c050a4657,OL,1
5aa21f9382331e9df8f0dd7c050a4657,RE,1
5aa21f9382331e9df8f0dd7c050a4657,OF,1
5aa21f9382331e9df8f0dd7c050a4657,URI,0
5aa21f9382331e9df8f0dd7c050a4657,LD,0
150b572f8b7f28b7af7ec9c1ca478be3,OL,1
150b572f8b7f28b7af7ec9c1ca478be3,RE,1
150b572f8b7f28b7af7ec9c1ca478be3,OF,1
150b572f8b7f28b7af7ec9c1ca478be3,URI,0
150b572f8b7f28b7af7ec9c1ca478be3,LD,0
6fc85d180cc07919340a004588f8bdc9,OL,1
6fc85d180cc07919340a004588f8bdc9,RE,1
6fc85d180cc07919340a004588f8bdc9,OF,1
6fc85d180cc07919340a004588f8bdc9,URI,0
6fc85d180cc07919340a004588f8bdc9,LD,0
b97fa4f57c12ec52514d013d49c0f5e3,OL,1
b97fa4f57c12ec52514d013d49c0f5e3,RE,0
b97fa4f57c12ec52514d013d49c0f5e3,OF,0
b97fa4f57c12ec52514d013d49c0f5e3,URI,0
b97fa4f57c12ec52514d013d49c0f5e3,LD,0
9ec506876b022ccca0e4c6a0dd9f1e8f,OL,1
9ec506876b022ccca0e4c6a0dd9f1e8f,RE,0
9ec506876b022ccca0e4c6a0dd9f1e8f,OF,0
9ec506876b022ccca0e4c6a0dd9f1e8f,URI,0
9ec506876b022ccca0e4c6a0dd9f1e8f,LD,0
fb820bfc7dd6a9819c28a0df177ca5da,OL,1
fb820bfc7dd6a9819c28a0df177ca5da,RE,1
fb820bfc7dd6a9819c28a0df177ca5da,OF,0
fb820bfc7dd6a9819c28a0df177ca5da,URI,0
fb820bfc7dd6a9819c28a0df177ca5da,LD,0
f45b258081585bbd49a0df45471ac16a,OL,1
f45b258081585bbd49a0df45471ac16a,RE,1
f45b258081585bbd49a0df45471ac16a,OF,0
f45b258081585bbd49a0df45471ac16a,URI,0
f45b258081585bbd49a0df45471ac16a,LD,0
1f22715fc12b855c59def2231d9f716a,OL,1
1f22715fc12b855c59def2231d9f716a,RE,1
1f22715fc12b855c59def2231d9f716a,OF,1
1f22715fc12b855c59def2231d9f716a,URI,0
1f22715fc12b855c59def2231d9f716a,LD,0
38dc00e5439ca620a07a0d74fcf1036c,OL,1
38dc00e5439ca620a07a0d74fcf1036c,RE,1
38dc00e5439ca620a07a0d74fcf1036c,OF,1
38dc00e5439ca620a07a0d74fcf1036c,URI,0
38dc00e5439ca620a07a0d74fcf1036c,LD,0
acd54423885069368d3b87b2f83296d1,OL,1
acd54423885069368d3b87b2f83296d1,RE,1
acd54423885069368d3b87b2f83296d1,OF,1
acd54423885069368d3b87b2f83296d1,URI,0
acd54423885069368d3b87b2f83296d1,LD,0
6b372b3d497941c6a8ec16ee314368e4,OL,1
6b372b3d497941c6a8ec16ee314368e4,RE,0
6b372b3d497941c6a8ec16ee314368e4,OF,0
6b372b3d497941c6a8ec16ee314368e4,URI,0
6b372b3d497941c6a8ec16ee314368e4,LD,0
501e87f4d0d3d48d416a041ca118d931,OL,1
501e87f4d0d3d48d416a041ca118d931,RE,1
501e87f4d0d3d48d416a041ca118d931,OF,0
501e87f4d0d3d48d416a041ca118d931,URI,0
501e87f4d0d3d48d416a041ca118d931,LD,0
ff6bcdc21be4f578085b6b756485b2bc,OL,1
ff6bcdc21be4f578085b6b756485b2bc,RE,1
ff6bcdc21be4f578085b6b756485b2bc,OF,0
ff6bcdc21be4f578085b6b756485b2bc,URI,0
ff6bcdc21be4f578085b6b756485b2bc,LD,0
8014c3794d75c55c0e55b9888fa3c6e8,OL,1
8014c3794d75c55c0e55b9888fa3c6e8,RE,1
8014c3794d75c55c0e55b9888fa3c6e8,OF,1
8014c3794d75c55c0e55b9888fa3c6e8,URI,0
8014c3794d75c55c0e55b9888fa3c6e8,LD,0
f68799a18a969fdfe22aa7be6875e521,OL,1
f68799a18a969fdfe22aa7be6875e521,RE,1
f68799a18a969fdfe22aa7be6875e521,OF,0
f68799a18a969fdfe22aa7be6875e521,URI,0
f68799a18a969fdfe22aa7be6875e521,LD,0
bd459503f11e71e0d23e83c32edc54b7,OL,1
bd459503f11e71e0d23e83c32edc54b7,RE,1
bd459503f11e71e0d23e83c32edc54b7,OF,1
bd459503f11e71e0d23e83c32edc54b7,URI,0
bd459503f11e71e0d23e83c32edc54b7,LD,0
0e3e4568179767cb214f2e58699f415a,OL,1
0e3e4568179767cb214f2e58699f415a,RE,1
0e3e4568179767cb214f2e58699f415a,OF,0
0e3e4568179767cb214f2e58699f415a,URI,0
0e3e4568179767cb214f2e58699f415a,LD,0
7330330ebcad5a02598182aae14e5eb4,OL,0
7330330ebcad5a02598182aae14e5eb4,RE,1
7330330ebcad5a02598182aae14e5eb4,OF,0
7330330ebcad5a02598182aae14e5eb4,URI,0
7330330ebcad5a02598182aae14e5eb4,LD,0
c944045a7a75c0a2d1d3d3b35ea3c34a,OL,1
c944045a7a75c0a2d1d3d3b35ea3c34a,RE,1
c944045a7a75c0a2d1d3d3b35ea3c34a,OF,1
c944045a7a75c0a2d1d3d3b35ea3c34a,URI,0
c944045a7a75c0a2d1d3d3b35ea3c34a,LD,0
eec99af9b75e4dce6806620f02abed08,OL,1
eec99af9b75e4dce6806620f02abed08,RE,1
eec99af9b75e4dce6806620f02abed08,OF,0
eec99af9b75e4dce6806620f02abed08,URI,0
eec99af9b75e4dce6806620f02abed08,LD,0
2fa8a058725220e428775f461e837857,OL,1
2fa8a058725220e428775f461e837857,RE,1
2fa8a058725220e428775f461e837857,OF,1
2fa8a058725220e428775f461e837857,URI,0
2fa8a058725220e428775f461e837857,LD,0
bc3f7d8278a8a2b3b6a2664ce4748e94,OL,1
bc3f7d8278a8a2b3b6a2664ce4748e94,RE,1
bc3f7d8278a8a2b3b6a2664ce4748e94,OF,0
bc3f7d8278a8a2b3b6a2664ce4748e94,URI,0
bc3f7d8278a8a2b3b6a2664ce4748e94,LD,0
cceb7045a169d6d87a951dfe013de92c,OL,0
cceb7045a169d6d87a951dfe013de92c,RE,0
cceb7045a169d6d87a951dfe013de92c,OF,0
cceb7045a169d6d87a951dfe013de92c,URI,0
cceb7045a169d6d87a951dfe013de92c,LD,0
54ec9b78ceefb095d064e90fa08b184a,OL,1
54ec9b78ceefb095d064e90fa08b184a,RE,0
54ec9b78ceefb095d064e90fa08b184a,OF,0
54ec9b78ceefb095d064e90fa08b184a,URI,0
54ec9b78ceefb095d064e90fa08b184a,LD,0
38b0d9f1d9243bb1b347fba80bb72f94,OL,1
38b0d9f1d9243bb1b347fba80bb72f94,RE,0
38b0d9f1d9243bb1b347fba80bb72f94,OF,0
38b0d9f1d9243bb1b347fba80bb72f94,URI,0
38b0d9f1d9243bb1b347fba80bb72f94,LD,0
964049333034d67cc10eedd98dc27ab4,OL,1
964049333034d67cc10eedd98dc27ab4,RE,0
964049333034d67cc10eedd98dc27ab4,OF,0
964049333034d67cc10eedd98dc27ab4,URI,0
964049333034d67cc10eedd98dc27ab4,LD,0
b189c57f8a25355af8dbcec61c9de980,OL,1
b189c57f8a25355af8dbcec61c9de980,RE,1
b189c57f8a25355af8dbcec61c9de980,OF,0
b189c57f8a25355af8dbcec61c9de980,URI,0
b189c57f8a25355af8dbcec61c9de980,LD,0
ce848431b393240b819252cccbb2b21d,OL,1
ce848431b393240b819252cccbb2b21d,RE,1
ce848431b393240b819252cccbb2b21d,OF,0
ce848431b393240b819252cccbb2b21d,URI,0
ce848431b393240b819252cccbb2b21d,LD,0
cb8d9fdeb2f6f7dd2afd81cef4a661cd,OL,1
cb8d9fdeb2f6f7dd2afd81cef4a661cd,RE,1
cb8d9fdeb2f6f7dd2afd81cef4a661cd,OF,0
cb8d9fdeb2f6f7dd2afd81cef4a661cd,URI,0
cb8d9fdeb2f6f7dd2afd81cef4a661cd,LD,0
42fb2a7262d19abcc0a5e4203d3523d7,OL,1
42fb2a7262d19abcc0a5e4203d3523d7,RE,0
42fb2a7262d19abcc0a5e4203d3523d7,OF,0
42fb2a7262d19abcc0a5e4203d3523d7,URI,0
42fb2a7262d19abcc0a5e4203d3523d7,LD,0
46a3a906682472881b739caff3a05137,OL,1
46a3a906682472881b739caff3a05137,RE,0
46a3a906682472881b739caff3a05137,OF,0
46a3a906682472881b739caff3a05137,URI,0
46a3a906682472881b739caff3a05137,LD,0
3bb325f416f060d9c57c50ad404886a1,OL,1
3bb325f416f060d9c57c50ad404886a1,RE,1
3bb325f416f060d9c57c50ad404886a1,OF,0
3bb325f416f060d9c57c50ad404886a1,URI,0
3bb325f416f060d9c57c50ad404886a1,LD,0
1aa2501dc1a3ad79e954a23d84bad3a9,OL,1
1aa2501dc1a3ad79e954a23d84bad3a9,RE,0
1aa2501dc1a3ad79e954a23d84bad3a9,OF,0
1aa2501dc1a3ad79e954a23d84bad3a9,URI,0
1aa2501dc1a3ad79e954a23d84bad3a9,LD,0
92cc6b3976cc5e0a0614694b4daacb6e,OL,1
92cc6b3976cc5e0a0614694b4daacb6e,RE,1
92cc6b3976cc5e0a0614694b4daacb6e,OF,1
92cc6b3976cc5e0a0614694b4daacb6e,URI,0
92cc6b3976cc5e0a0614694b4daacb6e,LD,0
a7dc5a56994de86e96129b8e019d9795,OL,1
a7dc5a56994de86e96129b8e019d9795,RE,1
a7dc5a56994de86e96129b8e019d9795,OF,0
a7dc5a56994de86e96129b8e019d9795,URI,0
a7dc5a56994de86e96129b8e019d9795,LD,0
091a3cfb82189019bf94f4a9cd07f158,OL,1
091a3cfb82189019bf94f4a9cd07f158,RE,1
091a3cfb82189019bf94f4a9cd07f158,OF,1
091a3cfb82189019bf94f4a9cd07f158,URI,1
091a3cfb82189019bf94f4a9cd07f158,LD,1
ac96032e23c8f7f4b4b93c2e571a79a8,OL,1
ac96032e23c8f7f4b4b93c2e571a79a8,RE,1
ac96032e23c8f7f4b4b93c2e571a79a8,OF,1
ac96032e23c8f7f4b4b93c2e571a79a8,URI,0
ac96032e23c8f7f4b4b93c2e571a79a8,LD,0
558bfc11cfd92868f62803af1032533d,OL,1
558bfc11cfd92868f62803af1032533d,RE,1
558bfc11cfd92868f62803af1032533d,OF,0
558bfc11cfd92868f62803af1032533d,URI,0
558bfc11cfd92868f62803af1032533d,LD,0
ede6e48ade180f97d2728b13743ed950,OL,1
ede6e48ade180f97d2728b13743ed950,RE,1
ede6e48ade180f97d2728b13743ed950,OF,0
ede6e48ade180f97d2728b13743ed950,URI,0
ede6e48ade180f97d2728b13743ed950,LD,0
09237d4e9e09abc8b4a0d2070344b3b7,OL,1
09237d4e9e09abc8b4a0d2070344b3b7,RE,1
09237d4e9e09abc8b4a0d2070344b3b7,OF,1
09237d4e9e09abc8b4a0d2070344b3b7,URI,0
09237d4e9e09abc8b4a0d2070344b3b7,LD,0
aa6601d96922d9fa84fd4def56597478,OL,1
aa6601d96922d9fa84fd4def56597478,RE,1
aa6601d96922d9fa84fd4def56597478,OF,0
aa6601d96922d9fa84fd4def56597478,URI,0
aa6601d96922d9fa84fd4def56597478,LD,0
18955383e7350ac7ec13b79a66f98f77,OL,1
18955383e7350ac7ec13b79a66f98f77,RE,1
18955383e7350ac7ec13b79a66f98f77,OF,1
18955383e7350ac7ec13b79a66f98f77,URI,0
18955383e7350ac7ec13b79a66f98f77,LD,0
728f91b81d7adcfd449a4028d1e6a35a,OL,0
728f91b81d7adcfd449a4028d1e6a35a,RE,1
728f91b81d7adcfd449a4028d1e6a35a,OF,1
728f91b81d7adcfd449a4028d1e6a35a,URI,0
728f91b81d7adcfd449a4028d1e6a35a,LD,0
95baad33b1329a392936e3e52052aaed,OL,1
95baad33b1329a392936e3e52052aaed,RE,1
95baad33b1329a392936e3e52052aaed,OF,1
95baad33b1329a392936e3e52052aaed,URI,0
95baad33b1329a392936e3e52052aaed,LD,0
2bdebe9cfcdeff29c5809ab0241873b5,OL,1
2bdebe9cfcdeff29c5809ab0241873b5,RE,1
2bdebe9cfcdeff29c5809ab0241873b5,OF,1
2bdebe9cfcdeff29c5809ab0241873b5,URI,0
2bdebe9cfcdeff29c5809ab0241873b5,LD,0
d793949b0629d2e72fa0603a499697a7,OL,1
d793949b0629d2e72fa0603a499697a7,RE,1
d793949b0629d2e72fa0603a499697a7,OF,1
d793949b0629d2e72fa0603a499697a7,URI,0
d793949b0629d2e72fa0603a499697a7,LD,0
2526c8372ef066195a5b7a94c16621bc,OL,1
2526c8372ef066195a5b7a94c16621bc,RE,1
2526c8372ef066195a5b7a94c16621bc,OF,1
2526c8372ef066195a5b7a94c16621bc,URI,0
2526c8372ef066195a5b7a94c16621bc,LD,0
7b48aec9c65556c4f418eb6084d2fb13,OL,1
7b48aec9c65556c4f418eb6084d2fb13,RE,1
7b48aec9c65556c4f418eb6084d2fb13,OF,1
7b48aec9c65556c4f418eb6084d2fb13,URI,0
7b48aec9c65556c4f418eb6084d2fb13,LD,0
c15d57b9ec16431ad130e60711db7483,OL,1
c15d57b9ec16431ad130e60711db7483,RE,1
c15d57b9ec16431ad130e60711db7483,OF,1
c15d57b9ec16431ad130e60711db7483,URI,0
c15d57b9ec16431ad130e60711db7483,LD,0
55475c5f9531ea3717456161b24c556e,OL,1
55475c5f9531ea3717456161b24c556e,RE,1
55475c5f9531ea3717456161b24c556e,OF,1
55475c5f9531ea3717456161b24c556e,URI,0
55475c5f9531ea3717456161b24c556e,LD,0
11790321618b1e206e7982d1ed330314,OL,0
11790321618b1e206e7982d1ed330314,RE,1
11790321618b1e206e7982d1ed330314,OF,1
11790321618b1e206e7982d1ed330314,URI,0
11790321618b1e206e7982d1ed330314,LD,0
405c89ee03b84b3696962546cbbd1f63,OL,0
405c89ee03b84b3696962546cbbd1f63,RE,1
405c89ee03b84b3696962546cbbd1f63,OF,1
405c89ee03b84b3696962546cbbd1f63,URI,0
405c89ee03b84b3696962546cbbd1f63,LD,0
380eedc010af93d0cb33b91c3a480932,OL,1
380eedc010af93d0cb33b91c3a480932,RE,1
380eedc010af93d0cb33b91c3a480932,OF,1
380eedc010af93d0cb33b91c3a480932,URI,0
380eedc010af93d0cb33b91c3a480932,LD,0
b85dc9909f932c3e1ebe210e04e66284,OL,1
b85dc9909f932c3e1ebe210e04e66284,RE,1
b85dc9909f932c3e1ebe210e04e66284,OF,1
b85dc9909f932c3e1ebe210e04e66284,URI,0
b85dc9909f932c3e1ebe210e04e66284,LD,0
405d1993896854e403e2123a4f6467bf,OL,1
405d1993896854e403e2123a4f6467bf,RE,1
405d1993896854e403e2123a4f6467bf,OF,1
405d1993896854e403e2123a4f6467bf,URI,0
405d1993896854e403e2123a4f6467bf,LD,0
dce09d24af5e26dd1aceedb6566013df,OL,1
dce09d24af5e26dd1aceedb6566013df,RE,1
dce09d24af5e26dd1aceedb6566013df,OF,1
dce09d24af5e26dd1aceedb6566013df,URI,0
dce09d24af5e26dd1aceedb6566013df,LD,0
651fa079d058b7fa75667ea43ad1b46d,OL,1
651fa079d058b7fa75667ea43ad1b46d,RE,1
651fa079d058b7fa75667ea43ad1b46d,OF,1
651fa079d058b7fa75667ea43ad1b46d,URI,0
651fa079d058b7fa75667ea43ad1b46d,LD,0
1a652d2b0bdf7121346bdba0cd60700e,OL,1
1a652d2b0bdf7121346bdba0cd60700e,RE,1
1a652d2b0bdf7121346bdba0cd60700e,OF,1
1a652d2b0bdf7121346bdba0cd60700e,URI,0
1a652d2b0bdf7121346bdba0cd60700e,LD,0
c3bd98c5cac2a3400190ed941334d877,OL,1
c3bd98c5cac2a3400190ed941334d877,RE,1
c3bd98c5cac2a3400190ed941334d877,OF,1
c3bd98c5cac2a3400190ed941334d877,URI,0
c3bd98c5cac2a3400190ed941334d877,LD,0
a6cbb3f54a9ca34c8c81a8e70e660267,OL,0
a6cbb3f54a9ca34c8c81a8e70e660267,RE,1
a6cbb3f54a9ca34c8c81a8e70e660267,OF,0
a6cbb3f54a9ca34c8c81a8e70e660267,URI,0
a6cbb3f54a9ca34c8c81a8e70e660267,LD,0
587d2bf334b771d3eb79c53df69fdfa3,OL,0
587d2bf334b771d3eb79c53df69fdfa3,RE,1
587d2bf334b771d3eb79c53df69fdfa3,OF,1
587d2bf334b771d3eb79c53df69fdfa3,URI,0
587d2bf334b771d3eb79c53df69fdfa3,LD,0
78dcc454f65968b57765020714858734,OL,1
78dcc454f65968b57765020714858734,RE,1
78dcc454f65968b57765020714858734,OF,1
78dcc454f65968b57765020714858734,URI,1
78dcc454f65968b57765020714858734,LD,0
6733529667ac5ecf51aa9700c81c8247,OL,0
6733529667ac5ecf51aa9700c81c8247,RE,1
6733529667ac5ecf51aa9700c81c8247,OF,1
6733529667ac5ecf51aa9700c81c8247,URI,1
6733529667ac5ecf51aa9700c81c8247,LD,0
67bec79c9a054dc37e13face8ca5f438,OL,1
67bec79c9a054dc37e13face8ca5f438,RE,1
67bec79c9a054dc37e13face8ca5f438,OF,1
67bec79c9a054dc37e13face8ca5f438,URI,0
67bec79c9a054dc37e13face8ca5f438,LD,0
c162f5b2dbc2ee2d304518a0bdf986cf,OL,0
c162f5b2dbc2ee2d304518a0bdf986cf,RE,1
c162f5b2dbc2ee2d304518a0bdf986cf,OF,0
c162f5b2dbc2ee2d304518a0bdf986cf,URI,0
c162f5b2dbc2ee2d304518a0bdf986cf,LD,0
79e8954f4b0bc004e3ed8e5ea91bf7b4,OL,0
79e8954f4b0bc004e3ed8e5ea91bf7b4,RE,0
79e8954f4b0bc004e3ed8e5ea91bf7b4,OF,0
79e8954f4b0bc004e3ed8e5ea91bf7b4,URI,0
79e8954f4b0bc004e3ed8e5ea91bf7b4,LD,0
b1e1f6904b0f5f166fc009f845811e44,OL,0
b1e1f6904b0f5f166fc009f845811e44,RE,0
b1e1f6904b0f5f166fc009f845811e44,OF,0
b1e1f6904b0f5f166fc009f845811e44,URI,0
b1e1f6904b0f5f166fc009f845811e44,LD,0
8eaa86417c7551450c3af1c02bdfc35b,OL,0
8eaa86417c7551450c3af1c02bdfc35b,RE,0
8eaa86417c7551450c3af1c02bdfc35b,OF,0
8eaa86417c7551450c3af1c02bdfc35b,URI,0
8eaa86417c7551450c3af1c02bdfc35b,LD,0
8b87fd09c4aef4919d0e9d3da9a27fd8,OL,1
8b87fd09c4aef4919d0e9d3da9a27fd8,RE,0
8b87fd09c4aef4919d0e9d3da9a27fd8,OF,0
8b87fd09c4aef4919d0e9d3da9a27fd8,URI,0
8b87fd09c4aef4919d0e9d3da9a27fd8,LD,0
1fe036257b232f35dcea29267b14b3c9,OL,0
1fe036257b232f35dcea29267b14b3c9,RE,1
1fe036257b232f35dcea29267b14b3c9,OF,0
1fe036257b232f35dcea29267b14b3c9,URI,0
1fe036257b232f35dcea29267b14b3c9,LD,0
fbf9f92f4c51b09ac7304479aa87e36f,OL,0
fbf9f92f4c51b09ac7304479aa87e36f,RE,0
fbf9f92f4c51b09ac7304479aa87e36f,OF,0
fbf9f92f4c51b09ac7304479aa87e36f,URI,0
fbf9f92f4c51b09ac7304479aa87e36f,LD,0
34d4054cf5d5c6cdb6b04644dc1bcb2f,OL,1
34d4054cf5d5c6cdb6b04644dc1bcb2f,RE,0
34d4054cf5d5c6cdb6b04644dc1bcb2f,OF,1
34d4054cf5d5c6cdb6b04644dc1bcb2f,URI,0
34d4054cf5d5c6cdb6b04644dc1bcb2f,LD,0
d681f1aa42bb1232531ea0e549f8fd58,OL,1
d681f1aa42bb1232531ea0e549f8fd58,RE,0
d681f1aa42bb1232531ea0e549f8fd58,OF,0
d681f1aa42bb1232531ea0e549f8fd58,URI,0
d681f1aa42bb1232531ea0e549f8fd58,LD,0
b9fb7f918eb28b349754625879f7b8e6,OL,1
b9fb7f918eb28b349754625879f7b8e6,RE,0
b9fb7f918eb28b349754625879f7b8e6,OF,0
b9fb7f918eb28b349754625879f7b8e6,URI,0
b9fb7f918eb28b349754625879f7b8e6,LD,0
0e17de2eaa6857fa9dc21df6d0a9947f,OL,1
0e17de2eaa6857fa9dc21df6d0a9947f,RE,0
0e17de2eaa6857fa9dc21df6d0a9947f,OF,0
0e17de2eaa6857fa9dc21df6d0a9947f,URI,0
0e17de2eaa6857fa9dc21df6d0a9947f,LD,0
e78554390dcdb390d7543bc6de30df9a,OL,1
e78554390dcdb390d7543bc6de30df9a,RE,0
e78554390dcdb390d7543bc6de30df9a,OF,0
e78554390dcdb390d7543bc6de30df9a,URI,0
e78554390dcdb390d7543bc6de30df9a,LD,0
65e5b75883abf4b4388b86b5eced900d,OL,1
65e5b75883abf4b4388b86b5eced900d,RE,1
65e5b75883abf4b4388b86b5eced900d,OF,0
65e5b75883abf4b4388b86b5eced900d,URI,0
65e5b75883abf4b4388b86b5eced900d,LD,0
6fc0f2eba532aa6ebcae340dfeff0e33,OL,1
6fc0f2eba532aa6ebcae340dfeff0e33,RE,0
6fc0f2eba532aa6ebcae340dfeff0e33,OF,1
6fc0f2eba532aa6ebcae340dfeff0e33,URI,0
6fc0f2eba532aa6ebcae340dfeff0e33,LD,0
4a2891d40b5b2a1cf2c4d69ef5bf32ce,OL,1
4a2891d40b5b2a1cf2c4d69ef5bf32ce,RE,1
4a2891d40b5b2a1cf2c4d69ef5bf32ce,OF,0
4a2891d40b5b2a1cf2c4d69ef5bf32ce,URI,0
4a2891d40b5b2a1cf2c4d69ef5bf32ce,LD,0
b895bd89eccbf5185495911efecbedf5,OL,1
b895bd89eccbf5185495911efecbedf5,RE,1
b895bd89eccbf5185495911efecbedf5,OF,0
b895bd89eccbf5185495911efecbedf5,URI,0
b895bd89eccbf5185495911efecbedf5,LD,0
3c33fb2c177d0b95238955fcd384b162,OL,1
3c33fb2c177d0b95238955fcd384b162,RE,1
3c33fb2c177d0b95238955fcd384b162,OF,1
3c33fb2c177d0b95238955fcd384b162,URI,0
3c33fb2c177d0b95238955fcd384b162,LD,0
0bfd0a469277cb96550176bda2793f22,OL,1
0bfd0a469277cb96550176bda2793f22,RE,0
0bfd0a469277cb96550176bda2793f22,OF,1
0bfd0a469277cb96550176bda2793f22,URI,0
0bfd0a469277cb96550176bda2793f22,LD,0
a3b5d0b11a25766f051796a25631653b,OL,1
a3b5d0b11a25766f051796a25631653b,RE,0
a3b5d0b11a25766f051796a25631653b,OF,0
a3b5d0b11a25766f051796a25631653b,URI,0
a3b5d0b11a25766f051796a25631653b,LD,0
ad0bb2c5303a4e1d06b75fc515a344c2,OL,1
ad0bb2c5303a4e1d06b75fc515a344c2,RE,0
ad0bb2c5303a4e1d06b75fc515a344c2,OF,0
ad0bb2c5303a4e1d06b75fc515a344c2,URI,0
ad0bb2c5303a4e1d06b75fc515a344c2,LD,0
d4acc199aed965ab86cb453f7eb8ba3f,OL,1
d4acc199aed965ab86cb453f7eb8ba3f,RE,0
d4acc199aed965ab86cb453f7eb8ba3f,OF,0
d4acc199aed965ab86cb453f7eb8ba3f,URI,0
d4acc199aed965ab86cb453f7eb8ba3f,LD,0
238ae03523db3c0676c973ff937479e5,OL,0
238ae03523db3c0676c973ff937479e5,RE,1
238ae03523db3c0676c973ff937479e5,OF,1
238ae03523db3c0676c973ff937479e5,URI,0
238ae03523db3c0676c973ff937479e5,LD,0
0f2e123379838b89be709cef2e377dd2,OL,1
0f2e123379838b89be709cef2e377dd2,RE,1
0f2e123379838b89be709cef2e377dd2,OF,0
0f2e123379838b89be709cef2e377dd2,URI,0
0f2e123379838b89be709cef2e377dd2,LD,0
e125a0927bda4cfef55027056d360fdb,OL,1
e125a0927bda4cfef55027056d360fdb,RE,1
e125a0927bda4cfef55027056d360fdb,OF,1
e125a0927bda4cfef55027056d360fdb,URI,0
e125a0927bda4cfef55027056d360fdb,LD,0
908d9bab96727d70e773c3e5b5c27051,OL,1
908d9bab96727d70e773c3e5b5c27051,RE,1
908d9bab96727d70e773c3e5b5c27051,OF,1
908d9bab96727d70e773c3e5b5c27051,URI,0
908d9bab96727d70e773c3e5b5c27051,LD,0
a1a4feaef053c34893d65455061375a1,OL,1
a1a4feaef053c34893d65455061375a1,RE,0
a1a4feaef053c34893d65455061375a1,OF,0
a1a4feaef053c34893d65455061375a1,URI,0
a1a4feaef053c34893d65455061375a1,LD,0
82fa10389b1e3f4ba8f9e6a6771cc9b1,OL,1
82fa10389b1e3f4ba8f9e6a6771cc9b1,RE,0
82fa10389b1e3f4ba8f9e6a6771cc9b1,OF,0
82fa10389b1e3f4ba8f9e6a6771cc9b1,URI,0
82fa10389b1e3f4ba8f9e6a6771cc9b1,LD,0
9b0cd7258b21f70c7aa25f53c62876b1,OL,1
9b0cd7258b21f70c7aa25f53c62876b1,RE,0
9b0cd7258b21f70c7aa25f53c62876b1,OF,0
9b0cd7258b21f70c7aa25f53c62876b1,URI,0
9b0cd7258b21f70c7aa25f53c62876b1,LD,0
f997ee72e47ce94a25d828759c6df63f,OL,1
f997ee72e47ce94a25d828759c6df63f,RE,1
f997ee72e47ce94a25d828759c6df63f,OF,1
f997ee72e47ce94a25d828759c6df63f,URI,0
f997ee72e47ce94a25d828759c6df63f,LD,0
79561484c86b35f0c77ad2935aaa014f,OL,0
79561484c86b35f0c77ad2935aaa014f,RE,1
79561484c86b35f0c77ad2935aaa014f,OF,0
79561484c86b35f0c77ad2935aaa014f,URI,0
79561484c86b35f0c77ad2935aaa014f,LD,0
3e7c6d64a3d0ae4276582f4d4630d666,OL,0
3e7c6d64a3d0ae4276582f4d4630d666,RE,1
3e7c6d64a3d0ae4276582f4d4630d666,OF,0
3e7c6d64a3d0ae4276582f4d4630d666,URI,0
3e7c6d64a3d0ae4276582f4d4630d666,LD,0
49d5cbca3c838df2a732fb250ffbd37c,OL,0
49d5cbca3c838df2a732fb250ffbd37c,RE,0
49d5cbca3c838df2a732fb250ffbd37c,OF,0
49d5cbca3c838df2a732fb250ffbd37c,URI,0
49d5cbca3c838df2a732fb250ffbd37c,LD,0
b29462541d24eb0c8511b64d3e70da3e,OL,0
b29462541d24eb0c8511b64d3e70da3e,RE,0
b29462541d24eb0c8511b64d3e70da3e,OF,0
b29462541d24eb0c8511b64d3e70da3e,URI,0
b29462541d24eb0c8511b64d3e70da3e,LD,0
25cd798e5fa122c6f26d869223c5aa5c,OL,0
25cd798e5fa122c6f26d869223c5aa5c,RE,0
25cd798e5fa122c6f26d869223c5aa5c,OF,0
25cd798e5fa122c6f26d869223c5aa5c,URI,0
25cd798e5fa122c6f26d869223c5aa5c,LD,0
79bfe5f1945585d3035da96911df24c6,OL,0
79bfe5f1945585d3035da96911df24c6,RE,0
79bfe5f1945585d3035da96911df24c6,OF,0
79bfe5f1945585d3035da96911df24c6,URI,0
79bfe5f1945585d3035da96911df24c6,LD,0
a7b5f8510bebdd2e461380d2b54f10fc,OL,1
a7b5f8510bebdd2e461380d2b54f10fc,RE,1
a7b5f8510bebdd2e461380d2b54f10fc,OF,0
a7b5f8510bebdd2e461380d2b54f10fc,URI,0
a7b5f8510bebdd2e461380d2b54f10fc,LD,0
60b4dcb2e5d8860eb3bebdf8f0ec1f08,OL,0
60b4dcb2e5d8860eb3bebdf8f0ec1f08,RE,0
60b4dcb2e5d8860eb3bebdf8f0ec1f08,OF,0
60b4dcb2e5d8860eb3bebdf8f0ec1f08,URI,0
60b4dcb2e5d8860eb3bebdf8f0ec1f08,LD,0
3cb77b4b75b1a6cf64dc2fc5d82db151,OL,1
3cb77b4b75b1a6cf64dc2fc5d82db151,RE,1
3cb77b4b75b1a6cf64dc2fc5d82db151,OF,0
3cb77b4b75b1a6cf64dc2fc5d82db151,URI,0
3cb77b4b75b1a6cf64dc2fc5d82db151,LD,0
7b11e19b3a770c787479bedda92788a6,OL,1
7b11e19b3a770c787479bedda92788a6,RE,0
7b11e19b3a770c787479bedda92788a6,OF,0
7b11e19b3a770c787479bedda92788a6,URI,0
7b11e19b3a770c787479bedda92788a6,LD,0
1433ce43a7e33d62a960c8433a4699a4,OL,1
1433ce43a7e33d62a960c8433a4699a4,RE,1
1433ce43a7e33d62a960c8433a4699a4,OF,0
1433ce43a7e33d62a960c8433a4699a4,URI,0
1433ce43a7e33d62a960c8433a4699a4,LD,0
e556e2da4f2bae952cc3ae3d812e7c60,OL,0
e556e2da4f2bae952cc3ae3d812e7c60,RE,1
e556e2da4f2bae952cc3ae3d812e7c60,OF,0
e556e2da4f2bae952cc3ae3d812e7c60,URI,0
e556e2da4f2bae952cc3ae3d812e7c60,LD,0
84e909ea4d7143b7e20013da6a5e5a8b,OL,1
84e909ea4d7143b7e20013da6a5e5a8b,RE,0
84e909ea4d7143b7e20013da6a5e5a8b,OF,0
84e909ea4d7143b7e20013da6a5e5a8b,URI,0
84e909ea4d7143b7e20013da6a5e5a8b,LD,0
84e10ac8b68911f73929a57b7c23151f,OL,1
84e10ac8b68911f73929a57b7c23151f,RE,1
84e10ac8b68911f73929a57b7c23151f,OF,1
84e10ac8b68911f73929a57b7c23151f,URI,0
84e10ac8b68911f73929a57b7c23151f,LD,0
dcc8ed5e93ff37a78dece3d52047a55a,OL,1
dcc8ed5e93ff37a78dece3d52047a55a,RE,1
dcc8ed5e93ff37a78dece3d52047a55a,OF,1
dcc8ed5e93ff37a78dece3d52047a55a,URI,0
dcc8ed5e93ff37a78dece3d52047a55a,LD,0
397ffa487037145fcfc59c21bcca1884,OL,0
397ffa487037145fcfc59c21bcca1884,RE,0
397ffa487037145fcfc59c21bcca1884,OF,0
397ffa487037145fcfc59c21bcca1884,URI,0
397ffa487037145fcfc59c21bcca1884,LD,0
4aacfffc3f3620f07b0a73b11a1f05f5,OL,0
4aacfffc3f3620f07b0a73b11a1f05f5,RE,1
4aacfffc3f3620f07b0a73b11a1f05f5,OF,0
4aacfffc3f3620f07b0a73b11a1f05f5,URI,0
4aacfffc3f3620f07b0a73b11a1f05f5,LD,0
e2ba10a0d77319fe4b360ca9a927f044,OL,1
e2ba10a0d77319fe4b360ca9a927f044,RE,1
e2ba10a0d77319fe4b360ca9a927f044,OF,1
e2ba10a0d77319fe4b360ca9a927f044,URI,0
e2ba10a0d77319fe4b360ca9a927f044,LD,0
7a57553f7c4f73c0745b97df6564a702,OL,0
7a57553f7c4f73c0745b97df6564a702,RE,0
7a57553f7c4f73c0745b97df6564a702,OF,0
7a57553f7c4f73c0745b97df6564a702,URI,0
7a57553f7c4f73c0745b97df6564a702,LD,0
cdfc6f837bf132da65c3f2e91e70cfec,OL,1
cdfc6f837bf132da65c3f2e91e70cfec,RE,1
cdfc6f837bf132da65c3f2e91e70cfec,OF,1
cdfc6f837bf132da65c3f2e91e70cfec,URI,0
cdfc6f837bf132da65c3f2e91e70cfec,LD,0
476903589c93aa0e17a7be43ceeb0f57,OL,1
476903589c93aa0e17a7be43ceeb0f57,RE,0
476903589c93aa0e17a7be43ceeb0f57,OF,0
476903589c93aa0e17a7be43ceeb0f57,URI,0
476903589c93aa0e17a7be43ceeb0f57,LD,0
249af8964a16cf8dba8c20fe49d34b24,OL,1
249af8964a16cf8dba8c20fe49d34b24,RE,0
249af8964a16cf8dba8c20fe49d34b24,OF,0
249af8964a16cf8dba8c20fe49d34b24,URI,0
249af8964a16cf8dba8c20fe49d34b24,LD,0
6c17b342e94a65de52b0b85871c90bde,OL,1
6c17b342e94a65de52b0b85871c90bde,RE,0
6c17b342e94a65de52b0b85871c90bde,OF,0
6c17b342e94a65de52b0b85871c90bde,URI,0
6c17b342e94a65de52b0b85871c90bde,LD,0
f35468d0f59becde045212e5b393b48f,OL,0
f35468d0f59becde045212e5b393b48f,RE,0
f35468d0f59becde045212e5b393b48f,OF,0
f35468d0f59becde045212e5b393b48f,URI,0
f35468d0f59becde045212e5b393b48f,LD,0
2140e24f643d52fcc80a45e3f94a21f6,OL,1
2140e24f643d52fcc80a45e3f94a21f6,RE,1
2140e24f643d52fcc80a45e3f94a21f6,OF,0
2140e24f643d52fcc80a45e3f94a21f6,URI,0
2140e24f643d52fcc80a45e3f94a21f6,LD,0
7f570104cdb619609a9f4f294b6df060,OL,1
7f570104cdb619609a9f4f294b6df060,RE,1
7f570104cdb619609a9f4f294b6df060,OF,1
7f570104cdb619609a9f4f294b6df060,URI,0
7f570104cdb619609a9f4f294b6df060,LD,0
352234f83a6aeed9e9b92b99d6b6e9a2,OL,1
352234f83a6aeed9e9b92b99d6b6e9a2,RE,1
352234f83a6aeed9e9b92b99d6b6e9a2,OF,0
352234f83a6aeed9e9b92b99d6b6e9a2,URI,0
352234f83a6aeed9e9b92b99d6b6e9a2,LD,0
e125ed5620439b9816b186d55791861f,OL,1
e125ed5620439b9816b186d55791861f,RE,0
e125ed5620439b9816b186d55791861f,OF,0
e125ed5620439b9816b186d55791861f,URI,0
e125ed5620439b9816b186d55791861f,LD,0
24c631cc7c7c8304e0fb23522ad00454,OL,0
24c631cc7c7c8304e0fb23522ad00454,RE,1
24c631cc7c7c8304e0fb23522ad00454,OF,0
24c631cc7c7c8304e0fb23522ad00454,URI,0
24c631cc7c7c8304e0fb23522ad00454,LD,0
048bbebf7d30dd845097bde73e5a159f,OL,1
048bbebf7d30dd845097bde73e5a159f,RE,1
048bbebf7d30dd845097bde73e5a159f,OF,1
048bbebf7d30dd845097bde73e5a159f,URI,0
048bbebf7d30dd845097bde73e5a159f,LD,0
c1209491c9c054ae361027edd6240f38,OL,1
c1209491c9c054ae361027edd6240f38,RE,0
c1209491c9c054ae361027edd6240f38,OF,0
c1209491c9c054ae361027edd6240f38,URI,0
c1209491c9c054ae361027edd6240f38,LD,0
30b38741e8754da31ac0935b8e66eaa4,OL,1
30b38741e8754da31ac0935b8e66eaa4,RE,0
30b38741e8754da31ac0935b8e66eaa4,OF,0
30b38741e8754da31ac0935b8e66eaa4,URI,0
30b38741e8754da31ac0935b8e66eaa4,LD,0
b3efb36662437cc05843dc3f001d5137,OL,1
b3efb36662437cc05843dc3f001d5137,RE,0
b3efb36662437cc05843dc3f001d5137,OF,0
b3efb36662437cc05843dc3f001d5137,URI,0
b3efb36662437cc05843dc3f001d5137,LD,0
1e9d24039c6f9359ee7564829e229f5d,OL,0
1e9d24039c6f9359ee7564829e229f5d,RE,0
1e9d24039c6f9359ee7564829e229f5d,OF,0
1e9d24039c6f9359ee7564829e229f5d,URI,0
1e9d24039c6f9359ee7564829e229f5d,LD,0
b68a38403a33968042ff4f8eb7bc7a76,OL,1
b68a38403a33968042ff4f8eb7bc7a76,RE,1
b68a38403a33968042ff4f8eb7bc7a76,OF,0
b68a38403a33968042ff4f8eb7bc7a76,URI,0
b68a38403a33968042ff4f8eb7bc7a76,LD,0
cac7925b084b286113924ecb358a0784,OL,1
cac7925b084b286113924ecb358a0784,RE,1
cac7925b084b286113924ecb358a0784,OF,0
cac7925b084b286113924ecb358a0784,URI,0
cac7925b084b286113924ecb358a0784,LD,0
265f66a38008a417cd240cff8341af27,OL,1
265f66a38008a417cd240cff8341af27,RE,0
265f66a38008a417cd240cff8341af27,OF,0
265f66a38008a417cd240cff8341af27,URI,0
265f66a38008a417cd240cff8341af27,LD,0
c6704df252a5fac3cff6d5c2ffdd5c3c,OL,1
c6704df252a5fac3cff6d5c2ffdd5c3c,RE,1
c6704df252a5fac3cff6d5c2ffdd5c3c,OF,0
c6704df252a5fac3cff6d5c2ffdd5c3c,URI,0
c6704df252a5fac3cff6d5c2ffdd5c3c,LD,0
f81b7b2f650311c5c097a76929208ae9,OL,1
f81b7b2f650311c5c097a76929208ae9,RE,1
f81b7b2f650311c5c097a76929208ae9,OF,1
f81b7b2f650311c5c097a76929208ae9,URI,0
f81b7b2f650311c5c097a76929208ae9,LD,0
0179bf3894134d07caca0d2209bf5374,OL,1
0179bf3894134d07caca0d2209bf5374,RE,1
0179bf3894134d07caca0d2209bf5374,OF,0
0179bf3894134d07caca0d2209bf5374,URI,0
0179bf3894134d07caca0d2209bf5374,LD,0
d7af9ebffa01234a93d896ac6601c3f0,OL,1
d7af9ebffa01234a93d896ac6601c3f0,RE,1
d7af9ebffa01234a93d896ac6601c3f0,OF,0
d7af9ebffa01234a93d896ac6601c3f0,URI,0
d7af9ebffa01234a93d896ac6601c3f0,LD,0
2a046ff61a16fcf83953388f6e032dfa,OL,1
2a046ff61a16fcf83953388f6e032dfa,RE,1
2a046ff61a16fcf83953388f6e032dfa,OF,1
2a046ff61a16fcf83953388f6e032dfa,URI,1
2a046ff61a16fcf83953388f6e032dfa,LD,1
1b579b359093f3a57faa36dd755686c1,OL,1
1b579b359093f3a57faa36dd755686c1,RE,1
1b579b359093f3a57faa36dd755686c1,OF,1
1b579b359093f3a57faa36dd755686c1,URI,1
1b579b359093f3a57faa36dd755686c1,LD,1
f3947092c3744fe0c753a8f64fa2652c,OL,1
f3947092c3744fe0c753a8f64fa2652c,RE,1
f3947092c3744fe0c753a8f64fa2652c,OF,1
f3947092c3744fe0c753a8f64fa2652c,URI,1
f3947092c3744fe0c753a8f64fa2652c,LD,1
5bf4c8c3f2d9d5ca717147f59aa13be5,OL,1
5bf4c8c3f2d9d5ca717147f59aa13be5,RE,1
5bf4c8c3f2d9d5ca717147f59aa13be5,OF,1
5bf4c8c3f2d9d5ca717147f59aa13be5,URI,1
5bf4c8c3f2d9d5ca717147f59aa13be5,LD,1
b87f611296ad5b9917a3f237207936a6,OL,1
b87f611296ad5b9917a3f237207936a6,RE,1
b87f611296ad5b9917a3f237207936a6,OF,1
b87f611296ad5b9917a3f237207936a6,URI,1
b87f611296ad5b9917a3f237207936a6,LD,0
737c63da16f39417ae8928249b737022,OL,0
737c63da16f39417ae8928249b737022,RE,0
737c63da16f39417ae8928249b737022,OF,1
737c63da16f39417ae8928249b737022,URI,0
737c63da16f39417ae8928249b737022,LD,0
6ad22ba876f3b83f3aa01b4f0638e28b,OL,1
6ad22ba876f3b83f3aa01b4f0638e28b,RE,0
6ad22ba876f3b83f3aa01b4f0638e28b,OF,1
6ad22ba876f3b83f3aa01b4f0638e28b,URI,0
6ad22ba876f3b83f3aa01b4f0638e28b,LD,0
2807fb903c7d49224189a12283244cfb,OL,0
2807fb903c7d49224189a12283244cfb,RE,0
2807fb903c7d49224189a12283244cfb,OF,0
2807fb903c7d49224189a12283244cfb,URI,0
2807fb903c7d49224189a12283244cfb,LD,0
e2cbae830fea5dd20951607532eeea38,OL,0
e2cbae830fea5dd20951607532eeea38,RE,0
e2cbae830fea5dd20951607532eeea38,OF,0
e2cbae830fea5dd20951607532eeea38,URI,0
e2cbae830fea5dd20951607532eeea38,LD,0
32ee5bd618e29a437086a7f9e0214917,OL,0
32ee5bd618e29a437086a7f9e0214917,RE,0
32ee5bd618e29a437086a7f9e0214917,OF,1
32ee5bd618e29a437086a7f9e0214917,URI,0
32ee5bd618e29a437086a7f9e0214917,LD,0
7974dc4e00a51aa6e529d310776f1803,OL,1
7974dc4e00a51aa6e529d310776f1803,RE,1
7974dc4e00a51aa6e529d310776f1803,OF,1
7974dc4e00a51aa6e529d310776f1803,URI,0
7974dc4e00a51aa6e529d310776f1803,LD,0
1bbc46140943ef0aa4fd7ccb258c8aad,OL,1
1bbc46140943ef0aa4fd7ccb258c8aad,RE,1
1bbc46140943ef0aa4fd7ccb258c8aad,OF,0
1bbc46140943ef0aa4fd7ccb258c8aad,URI,0
1bbc46140943ef0aa4fd7ccb258c8aad,LD,0
9b63a53e720c6f1c384f7e8ad118c8c2,OL,1
9b63a53e720c6f1c384f7e8ad118c8c2,RE,1
9b63a53e720c6f1c384f7e8ad118c8c2,OF,0
9b63a53e720c6f1c384f7e8ad118c8c2,URI,0
9b63a53e720c6f1c384f7e8ad118c8c2,LD,0
58268b8b0ab09fb88e90e42dcd5191c9,OL,1
58268b8b0ab09fb88e90e42dcd5191c9,RE,0
58268b8b0ab09fb88e90e42dcd5191c9,OF,0
58268b8b0ab09fb88e90e42dcd5191c9,URI,0
58268b8b0ab09fb88e90e42dcd5191c9,LD,0
1e408078bd0f03d8b4b437d97a0c2ead,OL,1
1e408078bd0f03d8b4b437d97a0c2ead,RE,0
1e408078bd0f03d8b4b437d97a0c2ead,OF,0
1e408078bd0f03d8b4b437d97a0c2ead,URI,0
1e408078bd0f03d8b4b437d97a0c2ead,LD,0
ba25b0195de2d52fc98f87798da11365,OL,1
ba25b0195de2d52fc98f87798da11365,RE,1
ba25b0195de2d52fc98f87798da11365,OF,0
ba25b0195de2d52fc98f87798da11365,URI,0
ba25b0195de2d52fc98f87798da11365,LD,0
ad08c98aaf46f518b06ad5c9091b9025,OL,1
ad08c98aaf46f518b06ad5c9091b9025,RE,0
ad08c98aaf46f518b06ad5c9091b9025,OF,0
ad08c98aaf46f518b06ad5c9091b9025,URI,0
ad08c98aaf46f518b06ad5c9091b9025,LD,0
f47ad72ceda681aa4d93e3fea99204fe,OL,1
f47ad72ceda681aa4d93e3fea99204fe,RE,1
f47ad72ceda681aa4d93e3fea99204fe,OF,0
f47ad72ceda681aa4d93e3fea99204fe,URI,0
f47ad72ceda681aa4d93e3fea99204fe,LD,0
6d91cee4c04d7d233933df33d068cc9a,OL,1
6d91cee4c04d7d233933df33d068cc9a,RE,0
6d91cee4c04d7d233933df33d068cc9a,OF,0
6d91cee4c04d7d233933df33d068cc9a,URI,0
6d91cee4c04d7d233933df33d068cc9a,LD,0
2719483152cd8b489c50f64abc12e9c4,OL,1
2719483152cd8b489c50f64abc12e9c4,RE,1
2719483152cd8b489c50f64abc12e9c4,OF,0
2719483152cd8b489c50f64abc12e9c4,URI,0
2719483152cd8b489c50f64abc12e9c4,LD,0
f1715f1a8c702ac17b889d06fa3fc400,OL,1
f1715f1a8c702ac17b889d06fa3fc400,RE,1
f1715f1a8c702ac17b889d06fa3fc400,OF,0
f1715f1a8c702ac17b889d06fa3fc400,URI,0
f1715f1a8c702ac17b889d06fa3fc400,LD,0
b0221115b000683b9b66a80ef0a4d0c4,OL,1
b0221115b000683b9b66a80ef0a4d0c4,RE,1
b0221115b000683b9b66a80ef0a4d0c4,OF,0
b0221115b000683b9b66a80ef0a4d0c4,URI,0
b0221115b000683b9b66a80ef0a4d0c4,LD,0
41d81d9699501636f177ced94b85298e,OL,1
41d81d9699501636f177ced94b85298e,RE,1
41d81d9699501636f177ced94b85298e,OF,1
41d81d9699501636f177ced94b85298e,URI,0
41d81d9699501636f177ced94b85298e,LD,0
f9803fc35f08a16875a482fc5a87d50f,OL,1
f9803fc35f08a16875a482fc5a87d50f,RE,1
f9803fc35f08a16875a482fc5a87d50f,OF,0
f9803fc35f08a16875a482fc5a87d50f,URI,0
f9803fc35f08a16875a482fc5a87d50f,LD,0
9a1e32aa84b42b9ed623708dd939e325,OL,1
9a1e32aa84b42b9ed623708dd939e325,RE,1
9a1e32aa84b42b9ed623708dd939e325,OF,0
9a1e32aa84b42b9ed623708dd939e325,URI,0
9a1e32aa84b42b9ed623708dd939e325,LD,0
d2c326b1673d4d016e00f8d62b173fab,OL,1
d2c326b1673d4d016e00f8d62b173fab,RE,1
d2c326b1673d4d016e00f8d62b173fab,OF,1
d2c326b1673d4d016e00f8d62b173fab,URI,0
d2c326b1673d4d016e00f8d62b173fab,LD,0
c7a8e73ff84ecdee24cd6e4605114b38,OL,1
c7a8e73ff84ecdee24cd6e4605114b38,RE,1
c7a8e73ff84ecdee24cd6e4605114b38,OF,0
c7a8e73ff84ecdee24cd6e4605114b38,URI,0
c7a8e73ff84ecdee24cd6e4605114b38,LD,0
4fd0dfe3d23a431ded357bde39457f2c,OL,1
4fd0dfe3d23a431ded357bde39457f2c,RE,1
4fd0dfe3d23a431ded357bde39457f2c,OF,1
4fd0dfe3d23a431ded357bde39457f2c,URI,0
4fd0dfe3d23a431ded357bde39457f2c,LD,0
83bcc58b137b84e2a930967ce36b483f,OL,1
83bcc58b137b84e2a930967ce36b483f,RE,1
83bcc58b137b84e2a930967ce36b483f,OF,0
83bcc58b137b84e2a930967ce36b483f,URI,0
83bcc58b137b84e2a930967ce36b483f,LD,0
6cef07cb7e4cdf1970c2ffb0c380ca5b,OL,1
6cef07cb7e4cdf1970c2ffb0c380ca5b,RE,0
6cef07cb7e4cdf1970c2ffb0c380ca5b,OF,0
6cef07cb7e4cdf1970c2ffb0c380ca5b,URI,0
6cef07cb7e4cdf1970c2ffb0c380ca5b,LD,0
b9e49d3181821156e4c6e48aeca8feba,OL,1
b9e49d3181821156e4c6e48aeca8feba,RE,1
b9e49d3181821156e4c6e48aeca8feba,OF,0
b9e49d3181821156e4c6e48aeca8feba,URI,0
b9e49d3181821156e4c6e48aeca8feba,LD,0
24eb2a53ed3e9f54a971c8147781c8e9,OL,1
24eb2a53ed3e9f54a971c8147781c8e9,RE,1
24eb2a53ed3e9f54a971c8147781c8e9,OF,0
24eb2a53ed3e9f54a971c8147781c8e9,URI,0
24eb2a53ed3e9f54a971c8147781c8e9,LD,0
8fd6ac5332d2fd4e4654de8dbafb6e20,OL,1
8fd6ac5332d2fd4e4654de8dbafb6e20,RE,1
8fd6ac5332d2fd4e4654de8dbafb6e20,OF,0
8fd6ac5332d2fd4e4654de8dbafb6e20,URI,0
8fd6ac5332d2fd4e4654de8dbafb6e20,LD,0
06714f0bffc542728210b4bf51988b1d,OL,1
06714f0bffc542728210b4bf51988b1d,RE,0
06714f0bffc542728210b4bf51988b1d,OF,0
06714f0bffc542728210b4bf51988b1d,URI,0
06714f0bffc542728210b4bf51988b1d,LD,0
1660d173561a792a3e6e02afd3ac78c9,OL,0
1660d173561a792a3e6e02afd3ac78c9,RE,1
1660d173561a792a3e6e02afd3ac78c9,OF,1
1660d173561a792a3e6e02afd3ac78c9,URI,1
1660d173561a792a3e6e02afd3ac78c9,LD,0
01584e0befff50772a252cf374e206e6,OL,1
01584e0befff50772a252cf374e206e6,RE,1
01584e0befff50772a252cf374e206e6,OF,0
01584e0befff50772a252cf374e206e6,URI,0
01584e0befff50772a252cf374e206e6,LD,0
221093cce884dcc0b0dd0568e57a8df0,OL,1
221093cce884dcc0b0dd0568e57a8df0,RE,1
221093cce884dcc0b0dd0568e57a8df0,OF,0
221093cce884dcc0b0dd0568e57a8df0,URI,0
221093cce884dcc0b0dd0568e57a8df0,LD,0
1bffbbded1429433cf556763353ffd91,OL,1
1bffbbded1429433cf556763353ffd91,RE,1
1bffbbded1429433cf556763353ffd91,OF,0
1bffbbded1429433cf556763353ffd91,URI,0
1bffbbded1429433cf556763353ffd91,LD,0
66b0b640ec976a550417688748974414,OL,0
66b0b640ec976a550417688748974414,RE,0
66b0b640ec976a550417688748974414,OF,0
66b0b640ec976a550417688748974414,URI,0
66b0b640ec976a550417688748974414,LD,0
03265009e1c35fab1da7b1591eefc220,OL,1
03265009e1c35fab1da7b1591eefc220,RE,1
03265009e1c35fab1da7b1591eefc220,OF,1
03265009e1c35fab1da7b1591eefc220,URI,0
03265009e1c35fab1da7b1591eefc220,LD,0
61605451de2696a5ebf099841fde27dd,OL,1
61605451de2696a5ebf099841fde27dd,RE,0
61605451de2696a5ebf099841fde27dd,OF,0
61605451de2696a5ebf099841fde27dd,URI,0
61605451de2696a5ebf099841fde27dd,LD,0
d202f065ad9017a2cebc4faba35a2508,OL,1
d202f065ad9017a2cebc4faba35a2508,RE,1
d202f065ad9017a2cebc4faba35a2508,OF,0
d202f065ad9017a2cebc4faba35a2508,URI,0
d202f065ad9017a2cebc4faba35a2508,LD,0
adc0456fffd5d5dc7736feb147f86b37,OL,1
adc0456fffd5d5dc7736feb147f86b37,RE,0
adc0456fffd5d5dc7736feb147f86b37,OF,0
adc0456fffd5d5dc7736feb147f86b37,URI,0
adc0456fffd5d5dc7736feb147f86b37,LD,0
491b29c853e41b4d36b4004446260b1a,OL,1
491b29c853e41b4d36b4004446260b1a,RE,1
491b29c853e41b4d36b4004446260b1a,OF,0
491b29c853e41b4d36b4004446260b1a,URI,0
491b29c853e41b4d36b4004446260b1a,LD,0
2817d1aa4b9987161dc6ed0c4c71079b,OL,1
2817d1aa4b9987161dc6ed0c4c71079b,RE,1
2817d1aa4b9987161dc6ed0c4c71079b,OF,0
2817d1aa4b9987161dc6ed0c4c71079b,URI,0
2817d1aa4b9987161dc6ed0c4c71079b,LD,0
81601c8bff046d273a8191ed445fe0b5,OL,1
81601c8bff046d273a8191ed445fe0b5,RE,1
81601c8bff046d273a8191ed445fe0b5,OF,0
81601c8bff046d273a8191ed445fe0b5,URI,0
81601c8bff046d273a8191ed445fe0b5,LD,0
d5dcff02f7ebccc7e8fe135413c8be54,OL,0
d5dcff02f7ebccc7e8fe135413c8be54,RE,1
d5dcff02f7ebccc7e8fe135413c8be54,OF,0
d5dcff02f7ebccc7e8fe135413c8be54,URI,0
d5dcff02f7ebccc7e8fe135413c8be54,LD,0
b94b8c54a708e1fd5fa9da2b0fabe191,OL,1
b94b8c54a708e1fd5fa9da2b0fabe191,RE,1
b94b8c54a708e1fd5fa9da2b0fabe191,OF,0
b94b8c54a708e1fd5fa9da2b0fabe191,URI,0
b94b8c54a708e1fd5fa9da2b0fabe191,LD,0
32b112bf56d939665b8d25a8a9c1e5be,OL,1
32b112bf56d939665b8d25a8a9c1e5be,RE,1
32b112bf56d939665b8d25a8a9c1e5be,OF,0
32b112bf56d939665b8d25a8a9c1e5be,URI,0
32b112bf56d939665b8d25a8a9c1e5be,LD,0
6a262fd99183ed90101b3f14196508e7,OL,1
6a262fd99183ed90101b3f14196508e7,RE,1
6a262fd99183ed90101b3f14196508e7,OF,0
6a262fd99183ed90101b3f14196508e7,URI,0
6a262fd99183ed90101b3f14196508e7,LD,0
5885f820c1f02dbdcb7f4c8c26d66071,OL,1
5885f820c1f02dbdcb7f4c8c26d66071,RE,1
5885f820c1f02dbdcb7f4c8c26d66071,OF,0
5885f820c1f02dbdcb7f4c8c26d66071,URI,0
5885f820c1f02dbdcb7f4c8c26d66071,LD,0
cef255e29aa47563a89323da0052bb85,OL,1
cef255e29aa47563a89323da0052bb85,RE,1
cef255e29aa47563a89323da0052bb85,OF,0
cef255e29aa47563a89323da0052bb85,URI,0
cef255e29aa47563a89323da0052bb85,LD,0
82c734a5e16c89b72a9fcdc57468f1a0,OL,1
82c734a5e16c89b72a9fcdc57468f1a0,RE,1
82c734a5e16c89b72a9fcdc57468f1a0,OF,0
82c734a5e16c89b72a9fcdc57468f1a0,URI,0
82c734a5e16c89b72a9fcdc57468f1a0,LD,0
05188dcea9f9e60215dc9346a3476f97,OL,1
05188dcea9f9e60215dc9346a3476f97,RE,0
05188dcea9f9e60215dc9346a3476f97,OF,0
05188dcea9f9e60215dc9346a3476f97,URI,0
05188dcea9f9e60215dc9346a3476f97,LD,0
dbc7583b2bd5f7453992c96eac6d6739,OL,1
dbc7583b2bd5f7453992c96eac6d6739,RE,0
dbc7583b2bd5f7453992c96eac6d6739,OF,0
dbc7583b2bd5f7453992c96eac6d6739,URI,0
dbc7583b2bd5f7453992c96eac6d6739,LD,0
61042e6da87bbcd743cb28ed24721e84,OL,1
61042e6da87bbcd743cb28ed24721e84,RE,1
61042e6da87bbcd743cb28ed24721e84,OF,0
61042e6da87bbcd743cb28ed24721e84,URI,0
61042e6da87bbcd743cb28ed24721e84,LD,0
e1f71c23d0feee17bc4104ba5897def7,OL,1
e1f71c23d0feee17bc4104ba5897def7,RE,1
e1f71c23d0feee17bc4104ba5897def7,OF,0
e1f71c23d0feee17bc4104ba5897def7,URI,0
e1f71c23d0feee17bc4104ba5897def7,LD,0
c3d169fd82e5a88a63e537b8959ef6a5,OL,1
c3d169fd82e5a88a63e537b8959ef6a5,RE,0
c3d169fd82e5a88a63e537b8959ef6a5,OF,0
c3d169fd82e5a88a63e537b8959ef6a5,URI,0
c3d169fd82e5a88a63e537b8959ef6a5,LD,0
d103a65c7ff87639de5d20048d66851a,OL,1
d103a65c7ff87639de5d20048d66851a,RE,1
d103a65c7ff87639de5d20048d66851a,OF,0
d103a65c7ff87639de5d20048d66851a,URI,0
d103a65c7ff87639de5d20048d66851a,LD,0
98e994f3e911e0822a12d685eaf82fe6,OL,1
98e994f3e911e0822a12d685eaf82fe6,RE,1
98e994f3e911e0822a12d685eaf82fe6,OF,0
98e994f3e911e0822a12d685eaf82fe6,URI,0
98e994f3e911e0822a12d685eaf82fe6,LD,0
006c6defe0687a09eed85df7d919e156,OL,1
006c6defe0687a09eed85df7d919e156,RE,0
006c6defe0687a09eed85df7d919e156,OF,0
006c6defe0687a09eed85df7d919e156,URI,0
006c6defe0687a09eed85df7d919e156,LD,0
099019732e6be8014c50eb0c685f24e3,OL,1
099019732e6be8014c50eb0c685f24e3,RE,1
099019732e6be8014c50eb0c685f24e3,OF,0
099019732e6be8014c50eb0c685f24e3,URI,0
099019732e6be8014c50eb0c685f24e3,LD,0
d85aef72f1f321fa9def9c42770f2a85,OL,1
d85aef72f1f321fa9def9c42770f2a85,RE,1
d85aef72f1f321fa9def9c42770f2a85,OF,0
d85aef72f1f321fa9def9c42770f2a85,URI,0
d85aef72f1f321fa9def9c42770f2a85,LD,0
d501e463d336a4a496fd577e00f6a246,OL,1
d501e463d336a4a496fd577e00f6a246,RE,1
d501e463d336a4a496fd577e00f6a246,OF,0
d501e463d336a4a496fd577e00f6a246,URI,0
d501e463d336a4a496fd577e00f6a246,LD,0
43fcde71dd77dbac5e900db4a572447e,OL,1
43fcde71dd77dbac5e900db4a572447e,RE,1
43fcde71dd77dbac5e900db4a572447e,OF,0
43fcde71dd77dbac5e900db4a572447e,URI,0
43fcde71dd77dbac5e900db4a572447e,LD,0
5dd3c85ee55d9547ed7d1facde83cd0a,OL,1
5dd3c85ee55d9547ed7d1facde83cd0a,RE,1
5dd3c85ee55d9547ed7d1facde83cd0a,OF,0
5dd3c85ee55d9547ed7d1facde83cd0a,URI,0
5dd3c85ee55d9547ed7d1facde83cd0a,LD,0
6632abfadf9f2077b57eabeebcf4ea1e,OL,1
6632abfadf9f2077b57eabeebcf4ea1e,RE,1
6632abfadf9f2077b57eabeebcf4ea1e,OF,0
6632abfadf9f2077b57eabeebcf4ea1e,URI,0
6632abfadf9f2077b57eabeebcf4ea1e,LD,0
cfd15e636edc440e4b2b89b1fd486faa,OL,1
cfd15e636edc440e4b2b89b1fd486faa,RE,1
cfd15e636edc440e4b2b89b1fd486faa,OF,0
cfd15e636edc440e4b2b89b1fd486faa,URI,0
cfd15e636edc440e4b2b89b1fd486faa,LD,0
6c5faa9c8d0a3420cbd41b8bd22f8e2d,OL,1
6c5faa9c8d0a3420cbd41b8bd22f8e2d,RE,1
6c5faa9c8d0a3420cbd41b8bd22f8e2d,OF,0
6c5faa9c8d0a3420cbd41b8bd22f8e2d,URI,0
6c5faa9c8d0a3420cbd41b8bd22f8e2d,LD,0
4059327dd8e6ff43d8363f6f1ca161b0,OL,1
4059327dd8e6ff43d8363f6f1ca161b0,RE,1
4059327dd8e6ff43d8363f6f1ca161b0,OF,0
4059327dd8e6ff43d8363f6f1ca161b0,URI,0
4059327dd8e6ff43d8363f6f1ca161b0,LD,0
906ce11940ca5366a54b0ee2a098e95a,OL,1
906ce11940ca5366a54b0ee2a098e95a,RE,1
906ce11940ca5366a54b0ee2a098e95a,OF,1
906ce11940ca5366a54b0ee2a098e95a,URI,0
906ce11940ca5366a54b0ee2a098e95a,LD,0
5f181034ad05bd600f209c1af2e22ab1,OL,1
5f181034ad05bd600f209c1af2e22ab1,RE,1
5f181034ad05bd600f209c1af2e22ab1,OF,0
5f181034ad05bd600f209c1af2e22ab1,URI,0
5f181034ad05bd600f209c1af2e22ab1,LD,0
d2a24de3c6a3dac62caec0cc07494e3e,OL,1
d2a24de3c6a3dac62caec0cc07494e3e,RE,1
d2a24de3c6a3dac62caec0cc07494e3e,OF,0
d2a24de3c6a3dac62caec0cc07494e3e,URI,0
d2a24de3c6a3dac62caec0cc07494e3e,LD,0
2ad3b26a69b0f03a0384afa482186d40,OL,1
2ad3b26a69b0f03a0384afa482186d40,RE,1
2ad3b26a69b0f03a0384afa482186d40,OF,0
2ad3b26a69b0f03a0384afa482186d40,URI,0
2ad3b26a69b0f03a0384afa482186d40,LD,0
b5818f878a6b7596bcb09a2fed2533af,OL,1
b5818f878a6b7596bcb09a2fed2533af,RE,1
b5818f878a6b7596bcb09a2fed2533af,OF,1
b5818f878a6b7596bcb09a2fed2533af,URI,0
b5818f878a6b7596bcb09a2fed2533af,LD,0
0f999e294610cf88112dcb4817a1b582,OL,1
0f999e294610cf88112dcb4817a1b582,RE,1
0f999e294610cf88112dcb4817a1b582,OF,0
0f999e294610cf88112dcb4817a1b582,URI,0
0f999e294610cf88112dcb4817a1b582,LD,0
349ea3d6cd91c66b88087bfc286bb869,OL,1
349ea3d6cd91c66b88087bfc286bb869,RE,1
349ea3d6cd91c66b88087bfc286bb869,OF,1
349ea3d6cd91c66b88087bfc286bb869,URI,0
349ea3d6cd91c66b88087bfc286bb869,LD,0
aaeb09a42ab1050cc94a9639bfdbb498,OL,1
aaeb09a42ab1050cc94a9639bfdbb498,RE,1
aaeb09a42ab1050cc94a9639bfdbb498,OF,0
aaeb09a42ab1050cc94a9639bfdbb498,URI,0
aaeb09a42ab1050cc94a9639bfdbb498,LD,0
7883f6b2e284f49a54c6e98443e06fb1,OL,1
7883f6b2e284f49a54c6e98443e06fb1,RE,1
7883f6b2e284f49a54c6e98443e06fb1,OF,1
7883f6b2e284f49a54c6e98443e06fb1,URI,1
7883f6b2e284f49a54c6e98443e06fb1,LD,1
5edd9348b413e57f943b51265e9a676a,OL,1
5edd9348b413e57f943b51265e9a676a,RE,1
5edd9348b413e57f943b51265e9a676a,OF,0
5edd9348b413e57f943b51265e9a676a,URI,0
5edd9348b413e57f943b51265e9a676a,LD,0
7e66780892a63e20ca087313c49b27d0,OL,1
7e66780892a63e20ca087313c49b27d0,RE,1
7e66780892a63e20ca087313c49b27d0,OF,1
7e66780892a63e20ca087313c49b27d0,URI,0
7e66780892a63e20ca087313c49b27d0,LD,0
48713111b30384f109f33a2b1efb228f,OL,1
48713111b30384f109f33a2b1efb228f,RE,1
48713111b30384f109f33a2b1efb228f,OF,0
48713111b30384f109f33a2b1efb228f,URI,0
48713111b30384f109f33a2b1efb228f,LD,0
1c13fbc94ed16d2df6623898e4becd58,OL,1
1c13fbc94ed16d2df6623898e4becd58,RE,1
1c13fbc94ed16d2df6623898e4becd58,OF,0
1c13fbc94ed16d2df6623898e4becd58,URI,0
1c13fbc94ed16d2df6623898e4becd58,LD,0
22e3b9c8f787b8e0067ed5634f1e2782,OL,1
22e3b9c8f787b8e0067ed5634f1e2782,RE,1
22e3b9c8f787b8e0067ed5634f1e2782,OF,0
22e3b9c8f787b8e0067ed5634f1e2782,URI,0
22e3b9c8f787b8e0067ed5634f1e2782,LD,0
9aae06faa18a7f3043fca48c1446c5e9,OL,0
9aae06faa18a7f3043fca48c1446c5e9,RE,1
9aae06faa18a7f3043fca48c1446c5e9,OF,0
9aae06faa18a7f3043fca48c1446c5e9,URI,0
9aae06faa18a7f3043fca48c1446c5e9,LD,0
5c7349a4756b25259782fce71624de68,OL,1
5c7349a4756b25259782fce71624de68,RE,1
5c7349a4756b25259782fce71624de68,OF,0
5c7349a4756b25259782fce71624de68,URI,0
5c7349a4756b25259782fce71624de68,LD,0
0c5aa7bf960cdde22a6aa4e47d06fda4,OL,1
0c5aa7bf960cdde22a6aa4e47d06fda4,RE,1
0c5aa7bf960cdde22a6aa4e47d06fda4,OF,0
0c5aa7bf960cdde22a6aa4e47d06fda4,URI,0
0c5aa7bf960cdde22a6aa4e47d06fda4,LD,0
888636f751ac5302244d369a16ff21a2,OL,1
888636f751ac5302244d369a16ff21a2,RE,0
888636f751ac5302244d369a16ff21a2,OF,0
888636f751ac5302244d369a16ff21a2,URI,0
888636f751ac5302244d369a16ff21a2,LD,0
b5adc9e19b4329db2ecd8d26603679ff,OL,1
b5adc9e19b4329db2ecd8d26603679ff,RE,1
b5adc9e19b4329db2ecd8d26603679ff,OF,1
b5adc9e19b4329db2ecd8d26603679ff,URI,0
b5adc9e19b4329db2ecd8d26603679ff,LD,0
0e21c25139ad594293527ab9c06029c2,OL,1
0e21c25139ad594293527ab9c06029c2,RE,0
0e21c25139ad594293527ab9c06029c2,OF,0
0e21c25139ad594293527ab9c06029c2,URI,0
0e21c25139ad594293527ab9c06029c2,LD,0
29f293eac0c05510836f5981de0ed987,OL,1
29f293eac0c05510836f5981de0ed987,RE,1
29f293eac0c05510836f5981de0ed987,OF,0
29f293eac0c05510836f5981de0ed987,URI,0
29f293eac0c05510836f5981de0ed987,LD,0
6fdef9674bb3f20a49eb6ea3a3bbb1a2,OL,1
6fdef9674bb3f20a49eb6ea3a3bbb1a2,RE,1
6fdef9674bb3f20a49eb6ea3a3bbb1a2,OF,0
6fdef9674bb3f20a49eb6ea3a3bbb1a2,URI,0
6fdef9674bb3f20a49eb6ea3a3bbb1a2,LD,0
b7f9cb94047c954a8bb9a3e11778cb96,OL,1
b7f9cb94047c954a8bb9a3e11778cb96,RE,1
b7f9cb94047c954a8bb9a3e11778cb96,OF,1
b7f9cb94047c954a8bb9a3e11778cb96,URI,0
b7f9cb94047c954a8bb9a3e11778cb96,LD,0
8f9e6769ea5716871d916d6777a8b439,OL,1
8f9e6769ea5716871d916d6777a8b439,RE,1
8f9e6769ea5716871d916d6777a8b439,OF,0
8f9e6769ea5716871d916d6777a8b439,URI,0
8f9e6769ea5716871d916d6777a8b439,LD,0
eaa4040b233c8663f21f0e464e6f64ac,OL,1
eaa4040b233c8663f21f0e464e6f64ac,RE,1
eaa4040b233c8663f21f0e464e6f64ac,OF,1
eaa4040b233c8663f21f0e464e6f64ac,URI,0
eaa4040b233c8663f21f0e464e6f64ac,LD,0
53a9743d48d6a6a8edfc963b22b9b0bc,OL,1
53a9743d48d6a6a8edfc963b22b9b0bc,RE,1
53a9743d48d6a6a8edfc963b22b9b0bc,OF,0
53a9743d48d6a6a8edfc963b22b9b0bc,URI,0
53a9743d48d6a6a8edfc963b22b9b0bc,LD,0
786ad0983e6d233abd64e9cc6794160b,OL,1
786ad0983e6d233abd64e9cc6794160b,RE,1
786ad0983e6d233abd64e9cc6794160b,OF,1
786ad0983e6d233abd64e9cc6794160b,URI,0
786ad0983e6d233abd64e9cc6794160b,LD,0
720c7022b3c7dee504be45fbaab12d96,OL,0
720c7022b3c7dee504be45fbaab12d96,RE,0
720c7022b3c7dee504be45fbaab12d96,OF,0
720c7022b3c7dee504be45fbaab12d96,URI,0
720c7022b3c7dee504be45fbaab12d96,LD,0
853df41cdd070bab867d5d04ca8bb3b4,OL,0
853df41cdd070bab867d5d04ca8bb3b4,RE,0
853df41cdd070bab867d5d04ca8bb3b4,OF,0
853df41cdd070bab867d5d04ca8bb3b4,URI,0
853df41cdd070bab867d5d04ca8bb3b4,LD,0
0bb4bce4ad1a3d99fc4ff55ab4e0568e,OL,0
0bb4bce4ad1a3d99fc4ff55ab4e0568e,RE,0
0bb4bce4ad1a3d99fc4ff55ab4e0568e,OF,0
0bb4bce4ad1a3d99fc4ff55ab4e0568e,URI,0
0bb4bce4ad1a3d99fc4ff55ab4e0568e,LD,0
0ea8de36d0f7e8242bba5ab9775700bf,OL,1
0ea8de36d0f7e8242bba5ab9775700bf,RE,1
0ea8de36d0f7e8242bba5ab9775700bf,OF,0
0ea8de36d0f7e8242bba5ab9775700bf,URI,0
0ea8de36d0f7e8242bba5ab9775700bf,LD,0
afe497df299d00eec65cf41168fd3a19,OL,1
afe497df299d00eec65cf41168fd3a19,RE,1
afe497df299d00eec65cf41168fd3a19,OF,1
afe497df299d00eec65cf41168fd3a19,URI,0
afe497df299d00eec65cf41168fd3a19,LD,0
3debd9049af73762317d291411c168f2,OL,1
3debd9049af73762317d291411c168f2,RE,1
3debd9049af73762317d291411c168f2,OF,1
3debd9049af73762317d291411c168f2,URI,1
3debd9049af73762317d291411c168f2,LD,0
e36f8d9a0dc4a410a5bc4ec9692f2615,OL,1
e36f8d9a0dc4a410a5bc4ec9692f2615,RE,1
e36f8d9a0dc4a410a5bc4ec9692f2615,OF,1
e36f8d9a0dc4a410a5bc4ec9692f2615,URI,1
e36f8d9a0dc4a410a5bc4ec9692f2615,LD,0
fa225c6d9f67e0e7bc3c45583eb6c62d,OL,1
fa225c6d9f67e0e7bc3c45583eb6c62d,RE,1
fa225c6d9f67e0e7bc3c45583eb6c62d,OF,0
fa225c6d9f67e0e7bc3c45583eb6c62d,URI,0
fa225c6d9f67e0e7bc3c45583eb6c62d,LD,0
f4a9b44c56d7d7bc55e3668fa73239d5,OL,1
f4a9b44c56d7d7bc55e3668fa73239d5,RE,1
f4a9b44c56d7d7bc55e3668fa73239d5,OF,1
f4a9b44c56d7d7bc55e3668fa73239d5,URI,0
f4a9b44c56d7d7bc55e3668fa73239d5,LD,0
aa9eb0e648f50c287484cada75a9c814,OL,1
aa9eb0e648f50c287484cada75a9c814,RE,1
aa9eb0e648f50c287484cada75a9c814,OF,1
aa9eb0e648f50c287484cada75a9c814,URI,0
aa9eb0e648f50c287484cada75a9c814,LD,0
8a0152fe0d162b410de71d7401c11881,OL,1
8a0152fe0d162b410de71d7401c11881,RE,0
8a0152fe0d162b410de71d7401c11881,OF,0
8a0152fe0d162b410de71d7401c11881,URI,0
8a0152fe0d162b410de71d7401c11881,LD,0
911a6ba864128a3a9604862b7ac2a5b0,OL,1
911a6ba864128a3a9604862b7ac2a5b0,RE,0
911a6ba864128a3a9604862b7ac2a5b0,OF,0
911a6ba864128a3a9604862b7ac2a5b0,URI,0
911a6ba864128a3a9604862b7ac2a5b0,LD,0
905548e32b2b2cab4ea7f2dcbdec4447,OL,1
905548e32b2b2cab4ea7f2dcbdec4447,RE,1
905548e32b2b2cab4ea7f2dcbdec4447,OF,0
905548e32b2b2cab4ea7f2dcbdec4447,URI,0
905548e32b2b2cab4ea7f2dcbdec4447,LD,0
21760433ae9da887d7d32bf7e50d7ed3,OL,1
21760433ae9da887d7d32bf7e50d7ed3,RE,1
21760433ae9da887d7d32bf7e50d7ed3,OF,1
21760433ae9da887d7d32bf7e50d7ed3,URI,0
21760433ae9da887d7d32bf7e50d7ed3,LD,0
89ca02925518b62f37deb96ecd9ad086,OL,1
89ca02925518b62f37deb96ecd9ad086,RE,1
89ca02925518b62f37deb96ecd9ad086,OF,1
89ca02925518b62f37deb96ecd9ad086,URI,1
89ca02925518b62f37deb96ecd9ad086,LD,0
2631c3dfc969e2e03413f5327b5752aa,OL,1
2631c3dfc969e2e03413f5327b5752aa,RE,1
2631c3dfc969e2e03413f5327b5752aa,OF,1
2631c3dfc969e2e03413f5327b5752aa,URI,1
2631c3dfc969e2e03413f5327b5752aa,LD,1
d63e6f85f0c8fd8a62b154408fe54bad,OL,1
d63e6f85f0c8fd8a62b154408fe54bad,RE,1
d63e6f85f0c8fd8a62b154408fe54bad,OF,1
d63e6f85f0c8fd8a62b154408fe54bad,URI,0
d63e6f85f0c8fd8a62b154408fe54bad,LD,0
0cead912daca428d167854fd2f42d4df,OL,1
0cead912daca428d167854fd2f42d4df,RE,1
0cead912daca428d167854fd2f42d4df,OF,1
0cead912daca428d167854fd2f42d4df,URI,1
0cead912daca428d167854fd2f42d4df,LD,0
598fbb132fa72874832edd8aeb0d5249,OL,1
598fbb132fa72874832edd8aeb0d5249,RE,1
598fbb132fa72874832edd8aeb0d5249,OF,0
598fbb132fa72874832edd8aeb0d5249,URI,0
598fbb132fa72874832edd8aeb0d5249,LD,0
86e7ba96d4b3dd93632a6b997bcf65b4,OL,1
86e7ba96d4b3dd93632a6b997bcf65b4,RE,1
86e7ba96d4b3dd93632a6b997bcf65b4,OF,0
86e7ba96d4b3dd93632a6b997bcf65b4,URI,0
86e7ba96d4b3dd93632a6b997bcf65b4,LD,0
f4be6ac7490fdfae4c04ec219c9495ab,OL,1
f4be6ac7490fdfae4c04ec219c9495ab,RE,1
f4be6ac7490fdfae4c04ec219c9495ab,OF,1
f4be6ac7490fdfae4c04ec219c9495ab,URI,0
f4be6ac7490fdfae4c04ec219c9495ab,LD,0
3c73f9367962a30b1b72f6e4c51a590a,OL,1
3c73f9367962a30b1b72f6e4c51a590a,RE,1
3c73f9367962a30b1b72f6e4c51a590a,OF,1
3c73f9367962a30b1b72f6e4c51a590a,URI,0
3c73f9367962a30b1b72f6e4c51a590a,LD,0
45cdf8e5c8c6d4afe7d13a30e4a38d47,OL,1
45cdf8e5c8c6d4afe7d13a30e4a38d47,RE,1
45cdf8e5c8c6d4afe7d13a30e4a38d47,OF,1
45cdf8e5c8c6d4afe7d13a30e4a38d47,URI,0
45cdf8e5c8c6d4afe7d13a30e4a38d47,LD,0
8851385a34c57031977528b85ec3d09f,OL,1
8851385a34c57031977528b85ec3d09f,RE,1
8851385a34c57031977528b85ec3d09f,OF,0
8851385a34c57031977528b85ec3d09f,URI,0
8851385a34c57031977528b85ec3d09f,LD,0
d730587d953c1ff384398537e85eda50,OL,1
d730587d953c1ff384398537e85eda50,RE,1
d730587d953c1ff384398537e85eda50,OF,1
d730587d953c1ff384398537e85eda50,URI,1
d730587d953c1ff384398537e85eda50,LD,0
1f6b930591662e0046efc5d54b225188,OL,0
1f6b930591662e0046efc5d54b225188,RE,0
1f6b930591662e0046efc5d54b225188,OF,0
1f6b930591662e0046efc5d54b225188,URI,0
1f6b930591662e0046efc5d54b225188,LD,0
